gemeinde_nr,gemeinde_name,kanton_name,pvout_kwh_kwp_year
131,Adliswil,Zürich,1155.7913912259614
3714,Rheinwald,Graubünden,1273.649336283186
5722,Grens,Vaud,1292.0109049479167
6730,Val Terbi,Jura,1131.4242484177216
4123,Windisch,Aargau,1164.307421875
6719,Pleigne,Jura,1180.8179183467741
1707,Risch,Zug,1160.947265625
4183,Zeihen,Aargau,1164.5013521634614
5692,Vucherens,Vaud,1314.7173665364583
5413,Roche (VD),Vaud,1264.2963423295455
2583,Schönenwerd,Solothurn,1151.6941731770833
5816,Corcelles-près-Payerne,Vaud,1275.873046875
4141,Reinach (AG),Aargau,1194.801025390625
5821,Missy,Vaud,1273.9189453125
2293,Düdingen,Fribourg,1274.3640046296296
5792,Montpreveyres,Vaud,1341.3021763392858
1213,Schattdorf,Uri,1001.5533405172414
4571,Gachnang,Thurgau,1174.1285615808824
5828,Treytorrens (Payerne),Vaud,1287.2140625
5708,Chavannes-des-Bois,Vaud,1303.39453125
4421,Horn,Thurgau,1146.03271484375
602,Arni (BE),Bern,1265.5506727430557
2143,Morlon,Fribourg,1275.3311360677083
5437,Saubraz,Vaud,1303.2849609375
4801,Berlingen,Thurgau,1139.726171875
616,Münsingen,Bern,1266.5409375
3572,Falera,Graubünden,1349.58056640625
2140,Marsens,Fribourg,1302.4031808035713
5486,L'Isle,Vaud,1261.3343211206898
4791,Wuppenau,Thurgau,1186.7843191964287
424,Wynigen,Bern,1219.5698138297873
4306,Fisibach,Aargau,1168.7336647727273
2307,Tentlingen,Fribourg,1272.6876395089287
249,Unterengstringen,Zürich,1185.6622721354167
553,Wiggiswil,Bern,1254.9990234375
6253,Crans-Montana,Valais,1476.6875
1065,Root,Luzern,1156.7061631944443
4209,Seon,Aargau,1179.189453125
62,Kloten,Zürich,1187.8145680147059
3513,Lantsch/Lenz,Graubünden,1300.3734375
4193,Brunegg,Aargau,1172.26953125
2861,Sissach,Basel-Landschaft,1183.364501953125
4191,Ammerswil,Aargau,1173.3046875
6754,Le Noirmont,Jura,1172.9574908088234
5714,Crassier,Vaud,1284.49267578125
6810,La Baroche,Jura,1171.8505497685185
6630,Meyrin,Genève,1303.097900390625
4120,Veltheim (AG),Aargau,1163.394140625
5930,Suscévaz,Vaud,1243.467494419643
4305,Endingen,Aargau,1176.8686079545455
1366,Morschach,Schwyz,1103.4298930921052
4006,Gränichen,Aargau,1168.5984644396551
5582,Cheseaux-sur-Lausanne,Vaud,1337.864990234375
437,Mont-Tramelan,Bern,1201.71826171875
2843,Buckten,Basel-Landschaft,1153.45947265625
743,Nidau,Bern,1203.4072265625
4284,Staffelbach,Aargau,1182.781032986111
2546,Grenchen,Solothurn,1206.4450520833334
2555,Rüttenen,Solothurn,1201.2830729166667
5193,Magliaso,Ticino,1370.05224609375
3342,Eschenbach (SG),St. Gallen,1198.2920545212767
230,Winterthur,Zürich,1173.613782051282
5512,Bercher,Vaud,1303.029541015625
2335,Saint-Martin (FR),Fribourg,1339.0279181985295
4656,Güttingen,Thurgau,1168.4607979910713
3312,Benken (SG),St. Gallen,1179.148726851852
5855,Dully,Vaud,1290.884765625
5604,Forel (Lavaux),Vaud,1348.3431396484375
2890,Liedertswil,Basel-Landschaft,1112.8251953125
5396,Terre di Pedemonte,Ticino,1330.9361979166667
667,Laupen,Bern,1264.3390066964287
2131,Echarlens,Fribourg,1287.06796875
5148,Bedano,Ticino,1346.31201171875
2615,Erschwil,Solothurn,1094.7104867788462
2087,Mézières (FR),Fribourg,1309.4213169642858
2939,Schaffhausen,Schaffhausen,1179.8596875
3295,Quarten,St. Gallen,1072.4419815891472
1507,Hergiswil (NW),Nidwalden,994.65576171875
663,Frauenkappelen,Bern,1256.1192708333333
3311,Amden,St. Gallen,1179.5906635802469
4164,Gansingen,Aargau,1173.54833984375
5493,Orny,Vaud,1264.02060546875
4031,Künten,Aargau,1179.027126736111
4138,Leutwil,Aargau,1185.0537923177083
991,Walliswil bei Wangen,Bern,1193.636962890625
5745,Baulmes,Vaud,1206.2896634615386
6266,Sion,Valais,1350.7133620689656
4681,Langrickenbach,Thurgau,1186.6395970394738
2407,Oensingen,Solothurn,1181.2185546875
2894,Titterten,Basel-Landschaft,1171.9046223958333
9051,Zürichsee (ZH),Zürich,1164.1180555555557
4079,Unterlunkhofen,Aargau,1186.4536946614583
2301,Rechthalten,Fribourg,1260.6742788461538
2511,Aeschi (SO),Solothurn,1213.68916015625
6408,Cortaillod,Neuchâtel,1204.88681640625
4255,Mumpf,Aargau,1158.61865234375
4231,Dietwil,Aargau,1181.537841796875
2545,Flumenthal,Solothurn,1196.741455078125
3851,Davos,Graubünden,1279.4904244306417
392,Pieterlen,Bern,1204.4727864583333
4008,Küttigen,Aargau,1164.378597861842
2284,Mont-Vully,Fribourg,1239.3541666666667
4826,Mammern,Thurgau,1154.098388671875
5653,Vufflens-le-Château,Vaud,1330.5145263671875
5649,Tolochenaz,Vaud,1303.5772569444443
5324,Avegno Gordevio,Ticino,1336.3251953125
4723,Braunau,Thurgau,1184.0674479166667
6151,Champéry,Valais,1084.330322265625
5048,Acquarossa,Ticino,1293.493574766355
1033,Inwil,Luzern,1180.2388139204545
6607,Bernex,Genève,1302.829334077381
5711,Commugny,Vaud,1300.452365451389
298,Wiesendangen,Zürich,1178.3360430743244
5939,Yvonand,Vaud,1224.6059422348485
22,Benken (ZH),Zürich,1180.4879261363637
6451,Cornaux,Neuchâtel,1217.0131138392858
4007,Hirschthal,Aargau,1175.0613839285713
5520,Essertines-sur-Yverdon,Vaud,1287.7857306985295
4238,Rottenschwil,Aargau,1181.32822265625
5473,Boussens,Vaud,1329.36376953125
2963,Ramsen,Schaffhausen,1175.9461616847825
5861,Rolle,Vaud,1295.5099354619565
4105,Mandach,Aargau,1177.7119140625
1201,Altdorf (UR),Uri,1152.5462239583333
6118,Gampel-Bratsch,Valais,1423.0407774390244
5529,Oulens-sous-Echallens,Vaud,1302.4814453125
4169,Kaisten,Aargau,1174.7195581896551
908,Trub,Bern,1190.3396990740741
936,Pohlern,Bern,1005.2287326388889
117,Hinwil,Zürich,1214.4969618055557
6192,Blatten,Valais,1299.6560483870967
590,Ringgenberg (BE),Bern,1247.32861328125
113,Dürnten,Zürich,1215.186677631579
5540,Montilliez,Vaud,1321.4412286931818
2516,Deitingen,Solothurn,1199.2001201923076
2763,Arlesheim,Basel-Landschaft,1170.7667518028845
6004,Eggerberg,Valais,1419.49853515625
4319,Siglistorf,Aargau,1176.1861979166667
6605,Bardonnex,Genève,1294.0078125
2543,Bettlach,Solothurn,1207.4519761029412
6702,Boécourt,Jura,1184.3627717391305
6434,Le Cerneux-Péquignot,Neuchâtel,1229.2554976851852
6154,Port-Valais,Valais,1077.2346754807693
5665,Chavannes-sur-Moudon,Vaud,1299.331298828125
619,Oberdiessbach,Bern,1242.8413783482142
1037,Rain,Luzern,1191.384548611111
100,Stadel,Zürich,1179.551120923913
4221,Abtwil,Aargau,1195.3588169642858
2920,Thayngen,Schaffhausen,1180.6761363636363
5050,Serravalle,Ticino,1264.5640625
5073,Giornico,Ticino,1066.7208806818182
3237,Thal,St. Gallen,1148.9061197916667
344,Ursenbach,Bern,1214.479248046875
5747,Bofflens,Vaud,1242.39794921875
5435,Saint-Livres,Vaud,1323.0196814903845
2917,Lohn (SH),Schaffhausen,1193.0630580357142
322,Auswil,Bern,1218.578404017857
5932,Ursins,Vaud,1287.5064453125
221,Hettlingen,Zürich,1182.4966796875
3396,Neckertal,St. Gallen,1166.8621961805557
3987,Trun,Graubünden,1222.5779494382023
1086,Grosswangen,Luzern,1198.121310763889
2402,Härkingen,Solothurn,1174.8873697916667
3401,Degersheim,St. Gallen,1169.2696707589287
3871,Klosters,Graubünden,1246.7871866754617
3025,Trogen,Appenzell Ausserrhoden,1174.8375459558824
955,Lützelflüh,Bern,1244.8052201704545
608,Grosshöchstetten,Bern,1268.1812855113637
5912,Démoret,Vaud,1295.7039930555557
3033,Lutzenberg,Appenzell Ausserrhoden,1151.328857421875
3216,Rorschacherberg,St. Gallen,1132.4942708333333
4076,Sarmenstorf,Aargau,1191.8367745535713
5759,Premier,Vaud,1228.0368430397727
1211,Isenthal,Uri,1019.314453125
6,Kappel am Albis,Zürich,1192.4500325520833
5561,Grandson,Vaud,1222.3423295454545
5464,Vully-les-Lacs,Vaud,1239.4333333333334
4121,Villigen,Aargau,1170.53486328125
4314,Mellikon,Aargau,1160.8863118489583
5890,Vevey,Vaud,1280.8100260416666
1703,Hünenberg,Zug,1179.095458984375
3252,Eichberg,St. Gallen,1163.605251736111
1361,Alpthal,Schwyz,1170.16962890625
1362,Arth,Schwyz,1080.2443266369048
1051,Adligenswil,Luzern,1161.0992024739583
2793,Zwingen,Basel-Landschaft,1172.9800347222222
211,Altikon,Zürich,1177.4138997395833
4041,Stetten (AG),Aargau,1177.357421875
2884,Diegten,Basel-Landschaft,1163.347377232143
388,Leuzigen,Bern,1213.482142857143
748,Schwadernau,Bern,1221.91796875
6052,Bellwald,Valais,1373.33984375
717,Valbirse,Bern,1153.5569010416666
6117,Guttet-Feschel,Valais,1485.2631138392858
580,Hofstetten bei Brienz,Bern,1210.2194010416667
533,Bätterkinden,Bern,1227.0453125
5712,Coppet,Vaud,1287.616015625
5250,Chiasso,Ticino,1363.295703125
5487,Lussery-Villars,Vaud,1289.9169921875
4446,Sommeri,Thurgau,1184.779541015625
53,Bülach,Zürich,1179.9212015086207
592,Schwanden bei Brienz,Bern,1243.0784801136363
5858,Luins,Vaud,1309.7862955729167
5257,Morbio Inferiore,Ticino,1393.72080078125
5424,Berolle,Vaud,1304.2265625
2160,Vuadens,Fribourg,1287.448396381579
5198,Melide,Ticino,1324.30517578125
5535,Saint-Barthélemy (VD),Vaud,1317.0912388392858
6140,Saillon,Valais,1360.01578125
5049,Blenio,Ticino,1283.7077205882354
5422,Aubonne,Vaud,1320.8844651442307
5411,Ormont-Dessus,Vaud,1189.9564302884614
5063,Bedretto,Ticino,1307.503662109375
579,Habkern,Bern,1224.8638649425288
4846,Raperswilen,Thurgau,1186.0510817307693
4049,Ehrendingen,Aargau,1173.29248046875
723,La Neuveville,Bern,1222.4917436079545
927,Heiligenschwendi,Bern,1253.035888671875
6422,Les Planchettes,Neuchâtel,1149.03994140625
5636,Etoy,Vaud,1333.579799107143
5756,Montcherand,Vaud,1229.7967936197917
4021,Baden,Aargau,1164.19796875
3947,Zizers,Graubünden,1186.297340029762
4271,Aarburg,Aargau,1161.6513671875
4281,Reitnau,Aargau,1192.9849330357142
2177,Chénens,Fribourg,1296.49140625
607,Freimettigen,Bern,1242.58046875
228,Turbenthal,Zürich,1178.9080668604652
932,Horrenbach-Buchen,Bern,1125.4103860294117
3276,Wartau,St. Gallen,1218.8912946428572
1501,Beckenried,Nidwalden,1025.0132264254387
3443,Gossau (SG),St. Gallen,1177.2882133152175
5472,Bournens,Vaud,1318.7611607142858
557,Zuzwil (BE),Bern,1252.44248046875
3444,Waldkirch,St. Gallen,1177.1180719339623
907,Signau,Bern,1247.634712837838
404,Burgdorf,Bern,1227.254131610577
5552,Bullet,Vaud,1235.719029017857
4646,Ermatingen,Thurgau,1170.4916735197369
942,Thun,Bern,1231.866486378205
614,Linden,Bern,1266.184814453125
56,Embrach,Zürich,1174.6615513392858
4185,Böztal,Aargau,1182.2486979166667
709,Seehof,Bern,1109.7026041666666
6627,Laconnex,Genève,1301.85546875
5515,Bretigny-sur-Morrens,Vaud,1337.05859375
450,Péry-La Heutte,Bern,1160.4331395348838
5254,Mendrisio,Ticino,1361.5748197115386
4616,Uesslingen-Buch,Thurgau,1183.0923913043478
6152,Collombey-Muraz,Valais,1225.7438401442307
4172,Münchwilen (AG),Aargau,1177.2615559895833
5072,Faido,Ticino,1245.459375
2428,Mümliswil-Ramiswil,Solothurn,1152.6165865384614
6131,Bovernier,Valais,1076.9633152173913
5401,Aigle,Vaud,1283.664351851852
6287,Randa,Valais,1348.4573863636363
6781,Coeuve,Jura,1201.9159226190477
387,Lengnau (BE),Bern,1208.9212740384614
5758,La Praz,Vaud,1263.3997802734375
6133,Fully,Valais,1413.6160714285713
5634,Echichens,Vaud,1330.4991861979167
4864,Steckborn,Thurgau,1154.5029994419642
4416,Hefenhofen,Thurgau,1181.1271158854167
2113,Vuisternens-devant-Romont,Fribourg,1320.3961123511904
2525,Kriegstetten,Solothurn,1214.78486328125
214,Dägerlen,Zürich,1182.0099283854167
5650,Vaux-sur-Morges,Vaud,1333.5274658203125
4287,Vordemwald,Aargau,1177.56591796875
3340,Rapperswil-Jona,St. Gallen,1186.6634837962963
2502,Wisen (SO),Solothurn,1162.68212890625
5884,Corsier-sur-Vevey,Vaud,1326.55146484375
4136,Holziken,Aargau,1174.790234375
2503,Erlinsbach (SO),Solothurn,1156.113671875
5726,La Rippe,Vaud,1263.2823660714287
572,Bönigen,Bern,958.6407001201923
5680,Ogens,Vaud,1299.4134765625
3831,Cama,Graubünden,1025.3679517663043
91,Niederweningen,Zürich,1180.1226029829545
3217,Steinach,St. Gallen,1156.7008056640625
6504,La Côte-aux-Fées,Neuchâtel,1222.6136532738096
112,Bubikon,Zürich,1206.71298828125
940,Teuffenthal (BE),Bern,1223.0598958333333
5731,Le Vaud,Vaud,1298.1389973958333
2773,Reinach (BL),Basel-Landschaft,1186.7814002403845
6635,Presinge,Genève,1317.578342013889
2581,Olten,Solothurn,1154.0159970238096
1214,Seedorf (UR),Uri,1002.1565972222222
4286,Uerkheim,Aargau,1171.9654947916667
28,Flaach,Zürich,1165.7562934027778
3024,Teufen (AR),Appenzell Ausserrhoden,1181.1011439732142
4691,Münsterlingen,Thurgau,1164.745703125
358,Stettlen,Bern,1248.6070149739583
5908,Chêne-Pâquier,Vaud,1279.1053873697917
6193,Bürchen,Valais,1281.8846807065217
5841,Château-d'Oex,Vaud,1234.6319444444443
6729,Haute-Sorne,Jura,1139.4466765873017
4186,Herznach-Ueken,Aargau,1178.0408203125
5729,Tannay,Vaud,1294.7657470703125
69,Wallisellen,Zürich,1184.7049005681818
6220,Vérossaz,Valais,1107.18953125
2849,Itingen,Basel-Landschaft,1169.439208984375
1402,Engelberg,Obwalden,1075.5520423228347
622,Oppligen,Bern,1254.633544921875
5628,Chigny,Vaud,1320.0140380859375
5905,Champvent,Vaud,1221.4741908482142
3823,Soazza,Graubünden,1244.2703125
3360,Nesslau,St. Gallen,1119.291371855346
2541,Balm bei Günsberg,Solothurn,1143.273220486111
956,Rüegsau,Bern,1241.9853877314815
2491,Hauenstein-Ifenthal,Solothurn,1157.2337239583333
2124,Broc,Fribourg,1119.383731617647
6191,Ausserberg,Valais,1461.94953125
3423,Niederhelfenschwil,St. Gallen,1180.94140625
2961,Buch (SH),Schaffhausen,1178.95390625
4545,Diessenhofen,Thurgau,1179.453342013889
6603,Avully,Genève,1287.7671595982142
339,Rohrbachgraben,Bern,1217.0793678977273
954,Huttwil,Bern,1219.1540948275863
4,Hausen am Albis,Zürich,1192.4803059895833
4210,Staufen,Aargau,1173.0786830357142
2850,Känerkinden,Basel-Landschaft,1173.4267578125
2474,Gempen,Solothurn,1194.98828125
5817,Grandcour,Vaud,1267.029541015625
746,Safnern,Bern,1208.180752840909
5761,Romainmôtier-Envy,Vaud,1239.4453938802083
98,Schleinikon,Zürich,1172.3306206597222
3542,Albula/Alvra,Graubünden,1235.7119855182927
40,Trüllikon,Zürich,1181.7540364583333
6212,Dorénaz,Valais,1329.5100203804348
2183,Corminboeuf,Fribourg,1281.0883091517858
4181,Wittnau,Aargau,1166.4076171875
310,Rapperswil (BE),Bern,1248.5180288461538
4701,Wäldi,Thurgau,1190.27666015625
3023,Speicher,Appenzell Ausserrhoden,1178.8809895833333
1202,Andermatt,Uri,1293.6052476415093
6620,Dardagny,Genève,1276.1271033653845
6644,Versoix,Genève,1294.8251201923076
5521,Etagnières,Vaud,1334.0493861607142
406,Hasle bei Burgdorf,Bern,1233.8145032051282
5210,Paradiso,Ticino,1261.6953125
225,Rickenbach (ZH),Zürich,1179.3590198863637
4262,Wegenstetten,Aargau,1166.8077947443182
738,Jens,Bern,1225.6166449652778
4197,Hallwil,Aargau,1183.4100341796875
4911,Bürglen (TG),Thurgau,1183.511501736111
3640,Sils im Domleschg,Graubünden,1036.1410807291666
4234,Merenschwand,Aargau,1181.5140438988096
2513,Biberist,Solothurn,1206.2879083806818
1363,Illgau,Schwyz,1200.63154296875
1032,Hohenrain,Luzern,1201.5810546875
3822,Mesocco,Graubünden,1284.7481227915193
6056,Ernen,Valais,1251.639856557377
6618,Confignon,Genève,1302.8466796875
4426,Kesswil,Thurgau,1169.2564697265625
5410,Ormont-Dessous,Vaud,1273.7838785046729
5671,Dompierre (VD),Vaud,1293.2283528645833
5160,Brusino Arsizio,Ticino,1264.7388237847222
694,Grandval,Bern,1155.5987723214287
713,Tavannes,Bern,1166.8944463315217
2152,Sâles,Fribourg,1316.761466733871
1705,Neuheim,Zug,1183.9578450520833
4010,Oberentfelden,Aargau,1167.3694661458333
4606,Stettfurt,Thurgau,1184.6154296875
5304,Bosco/Gurin,Ticino,1289.3423775337837
5061,Airolo,Ticino,1292.0371835443038
2770,Muttenz,Basel-Landschaft,1178.2403846153845
5755,Lignerolle,Vaud,1240.5395220588234
5763,Valeyres-sous-Rances,Vaud,1232.828515625
93,Oberweningen,Zürich,1174.0758463541667
5584,Epalinges,Vaud,1350.557373046875
9152,Lac de Neuchâtel (BE),Bern,1218.0172119140625
2620,Meltingen,Solothurn,1149.3089488636363
2175,Belfaux,Fribourg,1281.2725260416667
2833,Seltisberg,Basel-Landschaft,1187.6104736328125
4125,Schinznach,Aargau,1168.351651278409
6034,Orsières,Valais,1285.3822463768115
5720,Givrins,Vaud,1280.977294921875
2197,Givisiez,Fribourg,1277.9490559895833
2783,Burg im Leimental,Basel-Landschaft,1125.51806640625
1349,Wangen (SZ),Schwyz,1173.2021998355262
2823,Bubendorf,Basel-Landschaft,1175.0091796875
119,Seegräben,Zürich,1206.7251790364583
2549,Kammersrohr,Solothurn,1199.48095703125
5856,Essertines-sur-Rolle,Vaud,1317.1244673295455
610,Herbligen,Bern,1251.529296875
6715,Mervelier,Jura,1140.513454861111
4536,Basadingen-Schlattingen,Thurgau,1182.51220703125
6625,Hermance,Genève,1286.8670654296875
6722,Saulcy,Jura,1174.765625
4303,Böttstein,Aargau,1170.6594460227273
182,Wildberg,Zürich,1194.3245634191176
2971,Hallau,Schaffhausen,1188.7629310344828
293,Wädenswil,Zürich,1173.272925204918
666,Kriechenwil,Bern,1269.24365234375
784,Innertkirchen,Bern,1170.6324877750612
6155,Saint-Gingolph,Valais,1041.9692263719512
4806,Eschenz,Thurgau,1175.6527157738096
2526,Lohn-Ammannsegg,Solothurn,1216.38671875
246,Oetwil an der Limmat,Zürich,1183.99443359375
573,Brienz (BE),Bern,1072.7480945121952
744,Orpund,Bern,1213.0994698660713
2186,Cottens (FR),Fribourg,1293.958984375
2829,Liestal,Basel-Landschaft,1184.3553538602941
172,Fehraltorf,Zürich,1203.1334292763158
866,Gerzensee,Bern,1261.3125
6299,Zeneggen,Valais,1344.0203302556818
5933,Valeyres-sous-Montagny,Vaud,1228.1896484375
25,Dachsen,Zürich,1177.71220703125
5663,Bussy-sur-Moudon,Vaud,1300.41162109375
4084,Islisberg,Aargau,1198.1416015625
556,Zielebach,Bern,1217.2869873046875
4258,Rheinfelden,Aargau,1191.6411830357142
924,Eriz,Bern,1169.4392578125
5651,Villars-Sainte-Croix,Vaud,1334.3800455729167
5451,Avenches,Vaud,1262.5508868243244
1370,Rothenthurm,Schwyz,1178.819679054054
5079,Quinto,Ticino,1257.017108386076
6008,Ried-Brig,Valais,1245.173828125
4003,Buchs (AG),Aargau,1164.386474609375
2125,Bulle,Fribourg,1267.8375
1056,Greppen,Luzern,1098.4437255859375
734,Bühl,Bern,1234.1796875
1098,Ruswil,Luzern,1176.4751233552631
3442,Gaiserwald,St. Gallen,1181.3646484375
6252,Anniviers,Valais,1328.5554187192117
2129,Corbières,Fribourg,1254.505859375
6800,Porrentruy,Jura,1189.9845252403845
3734,Trin,Graubünden,1289.473268072289
2308,Ueberstorf,Fribourg,1268.1228448275863
6774,Boncourt,Jura,1197.8373325892858
5655,Yens,Vaud,1329.1039496527778
4131,Beinwil am See,Aargau,1179.501953125
323,Bannwil,Bern,1191.6888020833333
4236,Muri (AG),Aargau,1187.0799851190477
3338,Schmerikon,St. Gallen,1195.6291725852273
584,Lauterbrunnen,Bern,1096.4817895683452
4022,Bellikon,Aargau,1190.989013671875
3272,Gams,St. Gallen,1192.8968955592106
2953,Siblingen,Schaffhausen,1182.24140625
4203,Möriken-Wildegg,Aargau,1172.6185191761363
2235,La Sonnaz,Fribourg,1278.28369140625
2893,Reigoldswil,Basel-Landschaft,1127.1817491319443
5527,Morrens (VD),Vaud,1339.9564453125
4061,Arni (AG),Aargau,1193.7830078125
2864,Thürnen,Basel-Landschaft,1155.10302734375
5601,Chexbres,Vaud,1325.7662353515625
3633,Fürstenau,Graubünden,1304.6729736328125
6265,Savièse,Valais,1405.40234375
6101,Agarn,Valais,1112.0737680288462
1219,Unterschächen,Uri,1086.366268382353
5935,Villars-Epeney,Vaud,1245.9892578125
6238,Grône,Valais,1192.1761363636363
2524,Hüniken,Solothurn,1212.2650146484375
3789,Sils im Engadin/Segl,Graubünden,1382.7857349537037
1064,Meierskappel,Luzern,1158.9381103515625
444,Sonceboz-Sombeval,Bern,1139.70703125
6612,Chêne-Bougeries,Genève,1293.5938313802083
2045,Vallon,Fribourg,1265.834716796875
704,Roches (BE),Bern,1098.0835503472222
6606,Bellevue,Genève,1295.9069602272727
683,Champoz,Bern,1177.6988636363637
111,Bäretswil,Zürich,1203.6501524390244
5501,Sullens,Vaud,1329.144810267857
5749,Chavornay,Vaud,1268.36474609375
6613,Chêne-Bourg,Genève,1297.7335205078125
5852,Bursinel,Vaud,1295.46875
6142,Trient,Valais,1222.8462775735295
3271,Buchs (SG),St. Gallen,1160.9155441810344
5889,La Tour-de-Peilz,Vaud,1272.2618215460527
3218,Tübach,St. Gallen,1152.6073404947917
6293,Stalden (VS),Valais,1113.4036458333333
941,Thierachern,Bern,1210.5227614182693
442,Romont (BE),Bern,1202.2814127604167
355,Köniz,Bern,1258.5633979885058
3911,Churwalden,Graubünden,1243.171199845679
5857,Gilly,Vaud,1312.8490084134614
3551,Brusio,Graubünden,1303.5537860576924
566,Krattigen,Bern,1131.3453480113637
3668,Thusis,Graubünden,1142.364990234375
5263,Riva San Vitale,Ticino,1246.7387319711538
497,Lüscherz,Bern,1208.6785333806818
3255,Rebstein,St. Gallen,1215.186767578125
4100,Hausen (AG),Aargau,1168.43486328125
6711,Delémont,Jura,1174.7298943014705
177,Pfäffikon,Zürich,1207.767578125
623,Rubigen,Bern,1270.631640625
5430,Marchissy,Vaud,1301.0204564144738
3982,Disentis/Mustér,Graubünden,1248.4975806451612
1095,Oberkirch,Luzern,1191.6603860294117
4093,Birrhard,Aargau,1172.37958984375
2022,Gletterens,Fribourg,1221.21337890625
2619,Kleinlützel,Solothurn,1169.0014816810344
5713,Crans (VD),Vaud,1291.2728271484375
68,Rorbas,Zürich,1157.3208705357142
1140,Reiden,Luzern,1189.6597222222222
5710,Coinsins,Vaud,1302.1162109375
6136,Martigny,Valais,1172.3491303066037
3254,Oberriet (SG),St. Gallen,1182.7551185344828
4666,Kemmental,Thurgau,1189.370205965909
1365,Lauerz,Schwyz,1050.1911458333334
5523,Froideville,Vaud,1337.36279296875
5562,Mauborget,Vaud,1229.3271484375
6054,Binn,Valais,1311.2068865740741
6710,Courtételle,Jura,1127.0784801136363
2461,Schnottwil,Solothurn,1235.5625
4074,Oberwil-Lieli,Aargau,1194.3009588068182
5125,Ronco sopra Ascona,Ticino,1366.2713694852941
4683,Lengwil,Thurgau,1188.1368336397059
6204,Steg-Hohtenn,Valais,1315.9164402173913
6061,Lax,Valais,1373.745876736111
4046,Wohlenschwil,Aargau,1168.017299107143
3201,Häggenschwil,St. Gallen,1180.5338134765625
3212,Eggersriet,St. Gallen,1176.7868489583334
681,Belprahon,Bern,1177.0965401785713
6239,Icogne,Valais,1399.8379836309523
102,Weiach,Zürich,1166.479549632353
613,Landiswil,Bern,1251.3951822916667
407,Heimiswil,Bern,1230.2384629360465
5638,Lonay,Vaud,1322.5091145833333
577,Gsteigwiler,Bern,1085.1015625
5938,Yverdon-les-Bains,Vaud,1243.4934645432693
6706,Courchapoix,Jura,1166.182373046875
872,Kirchdorf (BE),Bern,1250.433349609375
5744,Ballaigues,Vaud,1227.2661830357142
1146,Wauwil,Luzern,1206.96875
6076,Obergoms,Valais,1359.9833015267175
2276,Ried bei Kerzers,Fribourg,1258.6184303977273
4145,Teufenthal (AG),Aargau,1181.0360107421875
6110,Leuk,Valais,1232.3783735795455
3407,Oberuzwil,St. Gallen,1168.4500325520833
4161,Eiken,Aargau,1177.687744140625
691,Crémines,Bern,1158.0020751953125
5266,Stabio,Ticino,1399.3722478693182
173,Hittnau,Zürich,1209.9301970108695
5476,Chevilly,Vaud,1273.626953125
27,Feuerthalen,Zürich,1156.8683268229167
3235,Rheineck,St. Gallen,1161.8600260416667
5674,Lovatens,Vaud,1294.9679129464287
7,Knonau,Zürich,1185.4021661931818
588,Niederried bei Interlaken,Bern,1228.1533203125
5882,Chardonne,Vaud,1309.7256673177083
120,Wald (ZH),Zürich,1201.7526676829268
1053,Dierikon,Luzern,1148.565234375
2936,Merishausen,Schaffhausen,1169.2476058467741
1151,Willisau,Luzern,1187.6037274096386
1041,Schongau,Luzern,1203.9919921875
2493,Lostorf,Solothurn,1168.9992009943182
960,Wyssachen,Bern,1219.295703125
4251,Hellikon,Aargau,1191.9232271634614
5480,Daillens,Vaud,1294.1904296875
449,Sauge,Bern,1188.291015625
6619,Corsier (GE),Genève,1290.7413504464287
562,Aeschi bei Spiez,Bern,1089.1825420673076
4259,Schupfart,Aargau,1179.6449819711538
1128,Ettiswil,Luzern,1193.3101356907894
3752,Samnaun,Graubünden,1281.632493622449
4032,Mägenwil,Aargau,1171.2003348214287
4026,Ennetbaden,Aargau,1149.563720703125
5425,Bière,Vaud,1308.673363095238
1150,Zell (LU),Luzern,1211.9949048913043
1127,Egolzwil,Luzern,1205.9826171875
3810,Santa Maria in Calanca,Graubünden,1374.744891826923
3603,Vals,Graubünden,1270.579335016835
9040,Greifensee,Zürich,1181.1044921875
1094,Nottwil,Luzern,1177.8728125
9149,Bielersee (BE),Bern,1203.6673076923078
192,Egg,Zürich,1188.3748553240741
551,Urtenen-Schönbühl,Bern,1244.6595552884614
324,Bleienbach,Bern,1207.1917317708333
2237,Prez,Fribourg,1285.7974330357142
2475,Hochwald,Solothurn,1188.692157451923
2786,Grellingen,Basel-Landschaft,1129.1703287760417
5632,Denges,Vaud,1318.1873372395833
4881,Amlikon-Bissegg,Thurgau,1182.3446451822917
4461,Amriswil,Thurgau,1183.6976799242425
4229,Bünzen,Aargau,1183.729736328125
6806,Vendlincourt,Jura,1199.376674107143
5633,Echandens,Vaud,1327.9759765625
3861,Fideris,Graubünden,1204.3226744186047
1203,Attinghausen,Uri,1108.357990506329
441,Renan (BE),Bern,1186.60595703125
1504,Emmetten,Nidwalden,957.0741390306123
4746,Münchwilen (TG),Thurgau,1184.4536830357142
6621,Genève,Genève,1296.86875
155,Männedorf,Zürich,1185.6927490234375
31,Henggart,Zürich,1178.80771484375
6286,Lalden,Valais,1409.864990234375
61,Hüntwangen,Zürich,1183.31884765625
6759,Soubey,Jura,1107.0902157738096
5001,Arbedo-Castione,Ticino,1254.471462673611
5566,Provence,Vaud,1251.7769252232142
5709,Chéserex,Vaud,1267.0952435661766
3953,Maienfeld,Graubünden,1260.9739091981132
5645,Romanel-sur-Morges,Vaud,1330.970947265625
2579,Hägendorf,Solothurn,1170.494765625
158,Stäfa,Zürich,1181.4865885416666
5563,Mutrux,Vaud,1222.034912109375
3339,Uznach,St. Gallen,1205.8589242788462
2025,Lully (FR),Fribourg,1253.9032389322917
3102,Gonten,Appenzell Innerrhoden,1126.11142578125
2430,Welschenrohr-Gänsbrunnen,Solothurn,1132.3967881944445
5136,Onsernone,Ticino,1244.5249277456646
4309,Klingnau,Aargau,1176.6832682291667
2768,Ettingen,Basel-Landschaft,1156.7466796875
2477,Metzerlen-Mariastein,Solothurn,1160.5697916666666
2401,Egerkingen,Solothurn,1175.1495643028845
2228,Villars-sur-Glâne,Fribourg,1274.43017578125
4082,Wohlen (AG),Aargau,1182.4802024147727
2882,Bennwil,Basel-Landschaft,1140.4229266826924
2406,Oberbuchsiten,Solothurn,1178.41064453125
448,Villeret,Bern,1174.6700613839287
6011,Zwischbergen,Valais,1226.8438600352113
2888,Langenbruck,Basel-Landschaft,1156.98046875
4253,Magden,Aargau,1185.51015625
5913,Donneloye,Vaud,1280.1282552083333
3762,Scuol,Graubünden,1269.8909395973155
3783,Madulain,Graubünden,1363.2077546296296
5456,Cudrefin,Vaud,1222.5760216346155
5757,Orbe,Vaud,1243.745814732143
5607,Puidoux,Vaud,1315.180385044643
5477,Cossonay,Vaud,1301.1908854166666
2883,Bretzwil,Basel-Landschaft,1153.7915482954545
2145,Le Pâquier (FR),Fribourg,1241.4849853515625
2206,Marly,Fribourg,1263.217075892857
4821,Hüttwilen,Thurgau,1183.5182291666667
2527,Luterbach,Solothurn,1198.332728794643
2300,Plasselb,Fribourg,1222.38203125
5485,Grancy,Vaud,1304.023654513889
853,Rüschegg,Bern,1183.013980263158
6294,Staldenried,Valais,1290.666355298913
6616,Collonge-Bellerive,Genève,1289.9817708333333
4312,Lengnau (AG),Aargau,1181.3229166666667
5822,Payerne,Vaud,1275.4885670731708
1208,Göschenen,Uri,1243.8369642857142
1021,Aesch (LU),Luzern,1188.4904119318182
2792,Wahlen,Basel-Landschaft,1166.365017361111
6609,Cartigny,Genève,1293.4024832589287
1344,Lachen,Schwyz,1167.5997488839287
1093,Neuenkirch,Luzern,1175.9346354166667
2972,Oberhallau,Schaffhausen,1190.3092447916667
3961,Grüsch,Graubünden,1221.6996038732395
1301,Einsiedeln,Schwyz,1174.0922539893618
2473,Dornach,Solothurn,1161.42177734375
5239,Tresa,Ticino,1377.0501644736842
2517,Derendingen,Solothurn,1207.638454861111
3316,Weesen,St. Gallen,1208.84033203125
4067,Fischbach-Göslikon,Aargau,1176.591796875
5642,Morges,Vaud,1303.4818274456522
325,Busswil bei Melchnau,Bern,1204.95947265625
4761,Sirnach,Thurgau,1174.9918154761904
4228,Boswil,Aargau,1187.6661005434783
5096,Brione sopra Minusio,Ticino,1426.7884114583333
2544,Feldbrunnen-St. Niklaus,Solothurn,1196.6808268229167
1509,Stans,Nidwalden,1065.85439453125
9,Mettmenstetten,Zürich,1188.4474283854167
5121,Orselina,Ticino,1430.68408203125
981,Niederbipp,Bern,1191.9527994791667
415,Lyssach,Bern,1237.72265625
2915,Dörflingen,Schaffhausen,1184.6384943181818
880,Rüeggisberg,Bern,1244.3067036290322
1010,Escholzmatt-Marbach,Luzern,1147.1688179347825
6637,Russin,Genève,1282.758029513889
2306,Tafers,Fribourg,1270.7379261363637
4252,Kaiseraugst,Aargau,1193.8651123046875
63,Lufingen,Zürich,1181.1729736328125
2011,Cugy (FR),Fribourg,1275.3311631944443
4230,Buttwil,Aargau,1195.8284912109375
4184,Mettauertal,Aargau,1170.9407552083333
5798,Ropraz,Vaud,1328.779513888889
306,Lyss,Bern,1234.74953125
3402,Flawil,St. Gallen,1169.203433388158
2234,La Brillaz,Fribourg,1291.6631324404761
1210,Hospental,Uri,1274.7287176724137
5904,Chamblon,Vaud,1237.32099609375
5669,Curtilles,Vaud,1284.4278738839287
292,Stammheim,Zürich,1180.6664244186047
4083,Zufikon,Aargau,1183.5317925347222
137,Oberrieden,Zürich,1153.1671875
2774,Schönenbuch,Basel-Landschaft,1209.8909912109375
4091,Auenstein,Aargau,1171.3931640625
423,Willadingen,Bern,1219.93505859375
571,Beatenberg,Bern,1257.41703125
2196,Fribourg,Fribourg,1261.7823660714287
2574,Eppenberg-Wöschnau,Solothurn,1144.3279622395833
2130,Crésuz,Fribourg,1274.722412109375
971,Attiswil,Bern,1199.8155924479167
2333,Remaufens,Fribourg,1342.5494140625
5643,Préverenges,Vaud,1299.52294921875
114,Fischenthal,Zürich,1159.8514178240741
740,Ligerz,Bern,1205.142578125
2338,La Verrerie,Fribourg,1326.4610224184783
6748,Les Genevez (JU),Jura,1215.962890625
5237,Alto Malcantone,Ticino,1377.2615131578948
6104,Ergisch,Valais,1262.0133131377552
2421,Aedermannsdorf,Solothurn,1165.9113991477273
4401,Arbon,Thurgau,1157.18515625
2128,Châtel-sur-Montsalvens,Fribourg,1263.03466796875
983,Oberbipp,Bern,1193.327899639423
6083,Evolène,Valais,1340.8471830985916
4816,Homburg,Thurgau,1183.1940696022727
418,Oberburg,Bern,1226.6841032608695
901,Eggiwil,Bern,1213.0165351941748
176,Lindau,Zürich,1190.0714285714287
4175,Oeschgen,Aargau,1181.6292724609375
3313,Kaltbrunn,St. Gallen,1179.003402217742
5269,Breggia,Ticino,1323.674923780488
6172,Bister,Valais,1157.888427734375
4227,Bettwil,Aargau,1202.6463216145833
855,Schwarzenburg,Bern,1255.2911458333333
783,Hasliberg,Bern,1253.9449776785714
995,Wiedlisbach,Bern,1196.5307992788462
4112,Rüfenach,Aargau,1161.76904296875
337,Roggwil (BE),Bern,1190.7759602864583
4075,Rudolfstetten-Friedlisberg,Aargau,1185.373291015625
2208,Matran,Fribourg,1282.97724609375
2523,Horriwil,Solothurn,1212.5386962890625
6639,Soral,Genève,1304.125
2514,Bolken,Solothurn,1210.438720703125
353,Bremgarten bei Bern,Bern,1250.859375
3881,Conters im Prättigau,Graubünden,1221.3838541666667
495,Gampelen,Bern,1232.5362548828125
1708,Steinhausen,Zug,1181.1728515625
4005,Erlinsbach (AG),Aargau,1166.5883246527778
1511,Wolfenschiessen,Nidwalden,1025.971108490566
2553,Oberdorf (SO),Solothurn,1182.314236111111
2771,Oberwil (BL),Basel-Landschaft,1200.363525390625
2973,Trasadingen,Schaffhausen,1194.367431640625
3713,Ferrera,Graubünden,1284.0245715725807
3790,Silvaplana,Graubünden,1368.3782467532467
3422,Niederbüren,St. Gallen,1173.2586206896551
5307,Campo (Vallemaggia),Ticino,1148.0096628289473
1503,Dallenwil,Nidwalden,1104.485595703125
768,Spiez,Bern,1191.8949819711538
6724,Soyhières,Jura,1161.5994698660713
92,Oberglatt,Zürich,1188.393275669643
2781,Blauen,Basel-Landschaft,1190.41064453125
877,Niedermuhlern,Bern,1275.927734375
4776,Tobel-Tägerschen,Thurgau,1182.508984375
2618,Himmelried,Solothurn,1159.851318359375
5925,Orzens,Vaud,1294.6547154017858
1008,Schüpfheim,Luzern,1146.6588541666667
952,Dürrenroth,Bern,1232.3535970052083
2422,Balsthal,Solothurn,1136.2366286057693
340,Rütschelen,Bern,1208.403599330357
770,Stocken-Höfen,Bern,1012.0235126201923
6135,Leytron,Valais,1362.2828480113637
5323,Lavizzara,Ticino,1259.7030254777071
3945,Trimmis,Graubünden,1186.2875844594594
383,Büren an der Aare,Bern,1214.6129092261904
6021,Ardon,Valais,1333.1403882575758
902,Langnau im Emmental,Bern,1230.1709222560976
1102,Sempach,Luzern,1186.24072265625
6703,Bourrignon,Jura,1183.7205078125
2831,Pratteln,Basel-Landschaft,1176.013671875
2613,Breitenbach,Solothurn,1172.4245042067307
3296,Sargans,St. Gallen,1210.255859375
341,Schwarzhäusern,Bern,1186.6363118489583
139,Rüschlikon,Zürich,1167.99658203125
4786,Wilen (TG),Thurgau,1174.5224609375
6240,Lens,Valais,1473.57921875
5189,Lamone,Ticino,1365.9437255859375
4176,Schwaderloch,Aargau,1152.455078125
3215,Rorschach,St. Gallen,1136.1099853515625
5214,Porza,Ticino,1402.4383138020833
494,Gals,Bern,1214.6510416666667
5186,Grancia,Ticino,1309.0560302734375
4756,Schönholzerswilen,Thurgau,1181.6384765625
5725,Prangins,Vaud,1294.4267064144738
987,Rumisberg,Bern,1202.240451388889
2336,Semsales,Fribourg,1285.5011635638298
2408,Wolfwil,Solothurn,1183.592529296875
67,Rafz,Zürich,1185.74765625
928,Heimberg,Bern,1238.7818359375
5537,Villars-le-Terroir,Vaud,1313.469482421875
5409,Ollon,Vaud,1303.314775485437
2551,Lommiswil,Solothurn,1207.0416015625
5192,Lugano,Ticino,1317.3537632042253
6211,Collonges,Valais,1247.0548828125
2886,Hölstein,Basel-Landschaft,1172.7514204545455
4310,Koblenz,Aargau,1176.9267578125
6058,Fieschertal,Valais,1418.5310337370242
5233,Vico Morcote,Ticino,1354.1279296875
2424,Herbetswil,Solothurn,1131.4362702546296
3213,Goldach,St. Gallen,1148.867954799107
223,Neftenbach,Zürich,1180.433883101852
43,Volken,Zürich,1173.36572265625
501,Tschugg,Bern,1236.5277622767858
6513,Laténa,Neuchâtel,1224.0207122093022
3784,Pontresina,Graubünden,1344.8061868686868
1510,Stansstad,Nidwalden,1077.9203559027778
6024,Nendaz,Valais,1290.3522135416667
2863,Tenniken,Basel-Landschaft,1177.0789930555557
2220,Le Mouret,Fribourg,1250.1533854166667
2869,Zunzgen,Basel-Landschaft,1174.552734375
578,Gündlischwand,Bern,1132.829202586207
665,Gurbrü,Bern,1262.66904296875
87,Hüttikon,Zürich,1182.6796875
5718,Genolier,Vaud,1291.843505859375
6487,Val-de-Ruz,Neuchâtel,1216.136737089202
35,Marthalen,Zürich,1175.1253551136363
4047,Würenlingen,Aargau,1168.71875
662,Ferenbalm,Bern,1265.2015625
3731,Felsberg,Graubünden,1324.396484375
4146,Unterkulm,Aargau,1182.0221354166667
5929,Suchy,Vaud,1274.26611328125
5919,Mathod,Vaud,1235.3059895833333
360,Wohlen bei Bern,Bern,1265.0812230603449
886,Wattenwil,Bern,1165.7257486979167
3204,Wittenbach,St. Gallen,1174.9130345394738
5654,Vullierens,Vaud,1322.2962239583333
544,Moosseedorf,Bern,1244.62587890625
71,Wil (ZH),Zürich,1189.162841796875
6809,Haute-Ajoie,Jura,1184.0272887323943
6102,Albinen,Valais,1419.7115885416667
2901,Gächlingen,Schaffhausen,1186.4163161057693
687,Corcelles (BE),Bern,1134.1676136363637
1322,Freienbach,Schwyz,1156.7975260416667
5871,L'Abbaye,Vaud,1236.9557291666667
3862,Furna,Graubünden,1249.891702586207
331,Lotzwil,Bern,1202.6020951704545
6783,Courchavon,Jura,1187.228426846591
88,Neerach,Zürich,1185.601473721591
4004,Densbüren,Aargau,1157.13017578125
5926,Pomy,Vaud,1267.0523003472222
4235,Mühlau,Aargau,1181.5836292613637
5764,Vallorbe,Vaud,1157.4237804878048
3253,Marbach (SG),St. Gallen,1211.2908528645833
2848,Hemmiken,Basel-Landschaft,1193.34482421875
4066,Eggenwil,Aargau,1178.205322265625
564,Kandergrund,Bern,1071.7231534090909
3791,Zuoz,Graubünden,1398.193412162162
1216,Silenen,Uri,1148.925050813008
4092,Birr,Aargau,1161.9333984375
4226,Besenbüren,Aargau,1183.62939453125
863,Burgistein,Bern,1205.5684407552083
5534,Rueyres,Vaud,1301.7509765625
9150,Bielersee (NE),Neuchâtel,1216.281982421875
3983,Medel (Lucmagn),Graubünden,1247.8299512987012
3661,Cazis,Graubünden,1272.1096754807693
737,Hermrigen,Bern,1225.4746907552083
218,Ellikon an der Thur,Zürich,1177.9312855113637
1502,Buochs,Nidwalden,1038.9171875
2063,Billens-Hennens,Fribourg,1308.781982421875
5212,Ponte Capriasca,Ticino,1307.3759765625
154,Küsnacht (ZH),Zürich,1187.5388926630435
3901,Chur,Graubünden,1202.6683902877699
3315,Schänis,St. Gallen,1136.033401268116
6025,Vétroz,Valais,1336.54111328125
5097,Brissago,Ticino,1294.85693359375
1205,Bürglen (UR),Uri,1162.6952266483515
1369,Riemenstalden,Schwyz,1167.2814555921052
692,Eschert,Bern,1072.373934659091
883,Seftigen,Bern,1226.0400390625
4591,Matzingen,Thurgau,1180.7391357421875
4065,Dottikon,Aargau,1181.88818359375
5391,Comunanza Cadenazzo/Monteceneri,Ticino,1203.35263671875
245,Oberengstringen,Zürich,1186.14892578125
4721,Bichelsee-Balterswil,Thurgau,1175.183933423913
2854,Nusshof,Basel-Landschaft,1186.149169921875
946,Wachseldorn,Bern,1260.477783203125
389,Meienried,Bern,1213.7259521484375
5490,Moiry,Vaud,1264.678125
6642,Vandoeuvres,Genève,1302.1163504464287
3374,Lichtensteig,St. Gallen,1151.2679850260417
6289,Saas-Balen,Valais,1347.3550701530612
220,Hagenbuch,Zürich,1177.6634114583333
5724,Nyon,Vaud,1292.23623046875
3341,Gommiswald,St. Gallen,1205.383820564516
2855,Oltingen,Basel-Landschaft,1158.9382102272727
2845,Diepflingen,Basel-Landschaft,1153.093994140625
5240,Val Mara,Ticino,1224.178943452381
6610,Céligny,Genève,1292.8876302083333
617,Niederhünigen,Bern,1251.1900111607142
5891,Veytaux,Vaud,1177.0716911764705
3782,Celerina/Schlarigna,Graubünden,1408.9919016768292
5914,Ependes (VD),Vaud,1252.401584201389
726,Plateau de Diesse,Bern,1231.2080078125
879,Riggisberg,Bern,1210.646417025862
976,Graben,Bern,1195.09794921875
5002,Bellinzona,Ticino,1264.646749084249
6617,Cologny,Genève,1286.6072716346155
4318,Schneisingen,Aargau,1185.8934895833333
1001,Doppleschwand,Luzern,1159.901278409091
5475,Chavannes-le-Veyron,Vaud,1289.423828125
2769,Münchenstein,Basel-Landschaft,1180.6541193181818
5589,Prilly,Vaud,1326.9532877604167
2964,Stein am Rhein,Schaffhausen,1180.378515625
2257,Cressier (FR),Fribourg,1268.51318359375
2616,Fehren,Solothurn,1164.9649658203125
6235,Chippis,Valais,1111.27294921875
2271,Meyriez,Fribourg,1237.9542643229167
3921,Arosa,Graubünden,1229.8510257633588
6435,La Chaux-du-Milieu,Neuchâtel,1224.9702845982142
335,Oeschenbach,Bern,1219.86220703125
3882,Küblis,Graubünden,1180.905552455357
2299,Plaffeien,Fribourg,1189.3164414414414
2309,Wünnewil-Flamatt,Fribourg,1271.9222470238096
934,Oberhofen am Thunersee,Bern,1231.53173828125
4117,Thalheim (AG),Aargau,1162.509548611111
5557,Fontaines-sur-Grandson,Vaud,1230.631556919643
6741,Le Bémont (JU),Jura,1208.2663445723683
1346,Schübelbach,Schwyz,1093.041015625
4495,Hohentannen,Thurgau,1181.1323529411766
405,Ersigen,Bern,1228.2682291666667
535,Deisswil bei Münchenbuchsee,Bern,1253.9945068359375
6437,Les Ponts-de-Martel,Neuchâtel,1232.5172413793102
2497,Obergösgen,Solothurn,1164.4171142578125
4045,Wettingen,Aargau,1180.6803042763158
4224,Beinwil (Freiamt),Aargau,1195.4826274671052
6634,Pregny-Chambésy,Genève,1293.0181107954545
953,Eriswil,Bern,1210.91328125
3575,Laax,Graubünden,1329.3816550925926
921,Amsoldingen,Bern,1197.1849888392858
3395,Bütschwil-Ganterschwil,St. Gallen,1169.9058159722222
4320,Tegerfelden,Aargau,1177.38330078125
6629,Meinier,Genève,1311.8736049107142
4946,Weinfelden,Thurgau,1185.353203125
6807,Basse-Allaine,Jura,1200.2207532051282
295,Horgen,Zürich,1168.8491586538462
1371,Sattel,Schwyz,1175.9614955357142
989,Thörigen,Bern,1207.3795166015625
5678,Moudon,Vaud,1294.6156529017858
6134,Isérables,Valais,1238.75265625
6156,Troistorrents,Valais,1240.6225665983607
6784,Courgenay,Jura,1170.2266845703125
5748,Bretonnières,Vaud,1230.43603515625
2952,Schleitheim,Schaffhausen,1173.6944196428572
1069,Weggis,Luzern,1141.1627604166667
5909,Cheseaux-Noréaz,Vaud,1223.9375
5743,Arnex-sur-Orbe,Vaud,1254.4816080729167
4200,Hunzenschwil,Aargau,1164.4171875
4431,Roggwil (TG),Thurgau,1173.7020970394738
1100,Schlierbach,Luzern,1214.456143465909
5727,Saint-Cergue,Vaud,1266.170255335366
357,Oberbalm,Bern,1266.3565848214287
4104,Lupfig,Aargau,1170.0328369140625
4028,Freienwil,Aargau,1180.1683349609375
5656,Hautemorges,Vaud,1312.9036907327586
5138,Cugnasco-Gerra,Ticino,1403.6556919642858
1097,Rickenbach (LU),Luzern,1201.289806547619
4289,Zofingen,Aargau,1179.50185546875
5721,Gland,Vaud,1295.1522135416667
6811,Damphreux-Lugnez,Jura,1205.6293402777778
4173,Oberhof,Aargau,1157.04345703125
1099,Schenkon,Luzern,1201.0724051339287
4711,Affeltrangen,Thurgau,1184.2808743990386
1217,Sisikon,Uri,1060.4147321428572
37,Ossingen,Zürich,1179.551120923913
1331,Küssnacht (SZ),Schwyz,1126.97890625
980,Inkwil,Bern,1205.2032877604167
609,Häutligen,Bern,1266.93017578125
4716,Bettwiesen,Thurgau,1185.1145833333333
5499,Senarclens,Vaud,1309.2386881510417
6113,Salgesch,Valais,1341.909333881579
3291,Bad Ragaz,St. Gallen,1141.8845796130952
1372,Schwyz,Schwyz,1153.4595788043478
1345,Reichenburg,Schwyz,1063.6656044407894
696,Loveresse,Bern,1177.3834228515625
3764,Valsot,Graubünden,1253.3357342007434
5688,Syens,Vaud,1307.30302734375
352,Bolligen,Bern,1252.324916294643
6159,Vouvry,Valais,1179.522739955357
4072,Niederwil (AG),Aargau,1176.90849609375
23,Berg am Irchel,Zürich,1151.6593191964287
4254,Möhlin,Aargau,1190.6075367647059
2321,Attalens,Fribourg,1339.6940487132354
4192,Boniswil,Aargau,1174.8265380859375
4280,Oftringen,Aargau,1173.4653764204545
3723,Rhäzüns,Graubünden,1144.195401278409
2216,Pierrafortscha,Fribourg,1272.3744419642858
5162,Cadempino,Ticino,1398.177001953125
2465,Buchegg,Solothurn,1229.3828993055556
620,Oberthal,Bern,1265.5142886513158
4206,Rupperswil,Aargau,1167.4486328125
5458,Faoug,Vaud,1243.270290798611
5741,L'Abergement,Vaud,1225.6571451822917
332,Madiswil,Bern,1209.689202724359
2239,Grolley-Ponthaux,Fribourg,1279.9375
1137,Nebikon,Luzern,1199.4285714285713
2554,Riedholz,Solothurn,1194.9573317307693
5728,Signy-Avenex,Vaud,1298.1900634765625
89,Niederglatt,Zürich,1187.135546875
4143,Schmiedrued,Aargau,1198.93310546875
5673,Hermenches,Vaud,1316.9090169270833
3618,Lumnezia,Graubünden,1216.43515625
5091,Ascona,Ticino,1367.4958984375
2153,Sorens,Fribourg,1311.783203125
5928,Rovray,Vaud,1250.146484375
2571,Boningen,Solothurn,1170.9305013020833
958,Trachselwald,Bern,1232.921585648148
6778,Bure,Jura,1204.5944010416667
2457,Messen,Solothurn,1242.4476207386363
434,Courtelary,Bern,1174.3294270833333
66,Opfikon,Zürich,1186.112890625
5436,Saint-Oyens,Vaud,1303.760009765625
2122,Pont-en-Ogoz,Fribourg,1289.67939453125
794,Zweisimmen,Bern,1274.9721354166666
6291,Saas-Grund,Valais,1404.6155523255813
2294,Giffers,Fribourg,1259.7471788194443
443,Saint-Imier,Bern,1196.154349662162
60,Höri,Zürich,1186.175502232143
6742,Les Bois,Jura,1193.706566220238
6261,Arbaz,Valais,1469.5892137096773
52,Bassersdorf,Zürich,1188.37734375
4048,Würenlos,Aargau,1179.2950520833333
4724,Eschlikon,Thurgau,1184.2400568181818
5556,Fiez,Vaud,1208.648828125
241,Aesch (ZH),Zürich,1188.295166015625
4311,Leibstadt,Aargau,1164.96474609375
3214,Mörschwil,St. Gallen,1169.8754340277778
372,Evilard,Bern,1213.725830078125
2790,Roggenburg,Basel-Landschaft,1164.01533203125
2261,Greng,Fribourg,1238.0146484375
5702,Arzier-Le Muids,Vaud,1275.070941091954
2035,Nuvilly,Fribourg,1279.7315848214287
338,Rohrbach,Bern,1210.1251395089287
6631,Onex,Genève,1301.294189453125
4643,Bottighofen,Thurgau,1169.3480224609375
6173,Bitsch,Valais,1319.100341796875
3681,Avers,Graubünden,1354.42001953125
5260,Novazzano,Ticino,1392.048828125
4107,Mülligen,Aargau,1166.88232421875
1088,Hildisrieden,Luzern,1201.5881911057693
5405,Gryon,Vaud,1277.5180288461538
2328,Granges (Veveyse),Fribourg,1341.145786830357
6624,Gy,Genève,1313.2561848958333
4062,Berikon,Aargau,1193.5962456597222
4194,Dintikon,Aargau,1177.26171875
563,Frutigen,Bern,1179.0575520833333
6623,Le Grand-Saconnex,Genève,1307.8560267857142
593,Unterseen,Bern,1147.4328125
3392,Kirchberg (SG),St. Gallen,1181.7194196428572
5403,Chessel,Vaud,1249.2158203125
2274,Muntelier,Fribourg,1244.2242838541667
2472,Büren (SO),Solothurn,1176.9020774147727
884,Toffen,Bern,1232.19140625
5180,Cureglia,Ticino,1417.9000244140625
401,Aefligen,Bern,1237.90546875
3805,Castaneda,Graubünden,1293.943603515625
5804,Jorat-Menthue,Vaud,1325.099826388889
2775,Therwil,Basel-Landschaft,1191.786328125
5586,Lausanne,Vaud,1318.7815148305085
6296,Törbel,Valais,1383.037984913793
3405,Jonschwil,St. Gallen,1178.6821831597222
3427,Wil (SG),St. Gallen,1184.8189732142857
227,Seuzach,Zürich,1179.8980618990386
1103,Sursee,Luzern,1198.96982421875
2962,Hemishofen,Schaffhausen,1176.3660714285713
2578,Gunzgen,Solothurn,1172.5044642857142
2305,Schmitten (FR),Fribourg,1276.3296875
6089,Vex,Valais,1350.212979403409
3234,Diepoldsau,St. Gallen,1216.5262276785713
4831,Müllheim,Thurgau,1183.0447916666667
2499,Stüsslingen,Solothurn,1162.1571044921875
5631,Denens,Vaud,1336.3280436197917
445,Sonvilier,Bern,1204.16015625
3733,Tamins,Graubünden,1229.1146599264705
81,Bachs,Zürich,1175.6753216911766
861,Belp,Bern,1248.84453125
3972,Seewis im Prättigau,Graubünden,1298.975933908046
1401,Alpnach,Obwalden,1155.005984042553
1031,Hochdorf,Luzern,1191.181640625
5623,Buchillon,Vaud,1295.8663194444443
3721,Bonaduz,Graubünden,1196.3342848557693
5859,Mont-sur-Rolle,Vaud,1320.88984375
5661,Boulens,Vaud,1310.5169921875
2857,Rickenbach (BL),Basel-Landschaft,1181.7054850260417
6090,Mont-Noble,Valais,1369.6474743150684
95,Regensberg,Zürich,1191.5669759114583
2881,Arboldswil,Basel-Landschaft,1170.6994140625
157,Oetwil am See,Zürich,1192.08447265625
492,Erlach,Bern,1226.600830078125
6782,Cornol,Jura,1162.1239149305557
6708,Courrendlin,Jura,1119.7752821180557
1364,Ingenbohl,Schwyz,1151.3070591517858
724,Nods,Bern,1234.6958220108695
4282,Rothrist,Aargau,1170.20625
6158,Vionnaz,Valais,1173.8508928571428
3663,Masein,Graubünden,1198.5071614583333
1404,Kerns,Obwalden,1116.780048076923
199,Volketswil,Zürich,1194.309140625
4891,Berg (TG),Thurgau,1191.543719951923
3424,Oberbüren,St. Gallen,1174.1163917824074
5144,Arogno,Ticino,1296.9569091796875
6452,Cressier (NE),Neuchâtel,1225.1344209558824
6219,Vernayaz,Valais,1105.408962673611
1508,Oberdorf (NW),Nidwalden,1071.6705729166667
5161,Cademario,Ticino,1395.1940104166667
3701,Andeer,Graubünden,1254.1859188988096
4486,Hauptwil-Gottshaus,Thurgau,1175.078869047619
5,Hedingen,Zürich,1189.8323567708333
5268,Vacallo,Ticino,1392.5155029296875
2852,Läufelfingen,Basel-Landschaft,1156.2216796875
408,Hellsau,Bern,1217.012939453125
2826,Giebenach,Basel-Landschaft,1194.550048828125
1024,Emmen,Luzern,1165.039981617647
4135,Gontenschwil,Aargau,1198.4338541666666
5765,Vaulion,Vaud,1234.767238451087
3986,Tujetsch,Graubünden,1282.4479166666667
5903,Bioley-Magnoux,Vaud,1289.9716796875
5551,Bonvillars,Vaud,1240.1741727941176
4064,Büttikon,Aargau,1185.4189453125
1067,Udligenswil,Luzern,1174.89970703125
2827,Hersberg,Basel-Landschaft,1198.02001953125
2785,Duggingen,Basel-Landschaft,1131.9462890625
3847,Val Müstair,Graubünden,1314.461053412463
5471,Bettens,Vaud,1313.682373046875
977,Heimenhausen,Bern,1201.7056995738637
4080,Villmergen,Aargau,1180.3053977272727
5701,Arnex-sur-Nyon,Vaud,1298.342041015625
540,Jegenstorf,Bern,1248.5356657608695
5434,Saint-George,Vaud,1297.8611328125
4304,Döttingen,Aargau,1175.9389204545455
2903,Löhningen,Schaffhausen,1189.3384164663462
6455,Le Landeron,Neuchâtel,1227.767578125
6201,Unterbäch,Valais,1316.5802455357143
4208,Seengen,Aargau,1189.0174632352941
1068,Vitznau,Luzern,1110.9339657738096
3111,Oberegg,Appenzell Innerrhoden,1206.7860243055557
4741,Lommis,Thurgau,1185.74765625
4232,Geltwil,Aargau,1196.254638671875
4621,Warth-Weiningen,Thurgau,1181.7555147058824
197,Schwerzenbach,Zürich,1187.9146321614583
5565,Onnens (VD),Vaud,1229.5533854166667
4551,Aadorf,Thurgau,1176.270035282258
193,Fällanden,Zürich,1179.8792317708333
690,Court,Bern,1133.0636541193182
6141,Saxon,Valais,1174.4465793918919
5766,Vuiteboeuf,Vaud,1202.8412109375
5118,Minusio,Ticino,1401.1509486607142
5762,Sergey,Vaud,1226.265625
5194,Manno,Ticino,1348.6246744791667
4279,Murgenthal,Aargau,1181.7771139705883
5813,Chevroux,Vaud,1221.4125532670455
554,Wiler bei Utzenstorf,Bern,1221.8136160714287
4273,Bottenwil,Aargau,1181.9488932291667
4471,Bischofszell,Thurgau,1172.1088005514705
1631,Glarus Süd,Glarus,1107.5518080667593
9329,Bodensee (TG),Thurgau,1152.1451965065503
2405,Niederbuchsiten,Solothurn,1178.7073974609375
11,Ottenbach,Zürich,1184.7978515625
6601,Aire-la-Ville,Genève,1293.64248046875
988,Seeberg,Bern,1212.8256138392858
5559,Giez,Vaud,1214.8738839285713
1081,Beromünster,Luzern,1209.4428510273972
2296,Heitenried,Fribourg,1269.79150390625
224,Pfungen,Zürich,1150.218017578125
6721,Rossemaison,Jura,1166.060546875
6084,Hérémence,Valais,1339.7895372928176
2,Affoltern am Albis,Zürich,1188.630859375
5115,Losone,Ticino,1304.5756510416666
4222,Aristau,Aargau,1182.0220052083334
889,Thurnen,Bern,1237.001953125
420,Rüdtligen-Alchenflüh,Bern,1238.4409993489583
4099,Habsburg,Aargau,1163.321533203125
498,Müntschemier,Bern,1247.4658203125
6194,Eischoll,Valais,1258.549296875
6119,Turtmann-Unterems,Valais,1285.3148320895523
2556,Selzach,Solothurn,1190.7794117647059
5077,Pollegio,Ticino,1245.2466796875
2097,Rue,Fribourg,1323.2701822916667
5206,Neggio,Ticino,1365.9134114583333
6022,Chamoson,Valais,1370.5234375
5588,Paudex,Vaud,1291.88916015625
3003,Schönengrund,Appenzell Ausserrhoden,1154.4741753472222
4451,Uttwil,Thurgau,1164.371337890625
3544,Bergün Filisur,Graubünden,1213.1314655172414
944,Uetendorf,Bern,1228.5184461805557
152,Herrliberg,Zürich,1191.1532552083333
213,Brütten,Zürich,1190.8556189903845
39,Thalheim an der Thur,Zürich,1175.5713641826924
2478,Nuglar-St. Pantaleon,Solothurn,1180.049609375
4324,Zurzach,Aargau,1170.065679505814
321,Aarwangen,Bern,1190.7364430147059
2892,Oberdorf (BL),Basel-Landschaft,1138.5966045673076
41,Truttikon,Zürich,1182.9926060267858
159,Uetikon am See,Zürich,1188.58447265625
5640,Lussy-sur-Morges,Vaud,1333.6005859375
1131,Grossdietwil,Luzern,1211.37451171875
5516,Cugy (VD),Vaud,1339.2986328125
5564,Novalles,Vaud,1215.552001953125
5911,Cuarny,Vaud,1250.0679524739583
5842,Rossinière,Vaud,1194.3152901785713
587,Matten bei Interlaken,Bern,1040.85302734375
755,Worben,Bern,1228.3965657552083
5703,Bassins,Vaud,1291.6126893939395
4040,Spreitenbach,Aargau,1168.18359375
307,Meikirch,Bern,1266.1572265625
2056,Fétigny-Ménières,Fribourg,1279.8621651785713
5398,Gambarogno,Ticino,1206.6995614035088
72,Winkel,Zürich,1186.0229867788462
5530,Pailly,Vaud,1303.89697265625
304,Kallnach,Bern,1249.8994891826924
4441,Salmsach,Thurgau,1168.2154296875
421,Rumendingen,Bern,1222.1266276041667
5017,Sant'Antonino,Ticino,1221.9580078125
2895,Waldenburg,Basel-Landschaft,1136.4051983173076
1374,Steinerberg,Schwyz,1206.38427734375
3293,Mels,St. Gallen,1123.5744791666666
2121,Haut-Intyamon,Fribourg,1198.049824617347
632,Wichtrach,Bern,1263.861019736842
906,Schangnau,Bern,1069.7393698770493
3251,Altstätten,St. Gallen,1184.1044234154929
3112,Schwende-Rüte,Appenzell Innerrhoden,1048.7148668639054
5009,Isone,Ticino,1344.3982514880952
3988,Obersaxen Mundaun,Graubünden,1230.4602864583333
5646,Saint-Prex,Vaud,1303.3615056818182
6181,Riederalp,Valais,1352.370174632353
6195,Ferden,Valais,1360.4039713541667
567,Reichenbach im Kandertal,Bern,1117.7821471291866
2761,Aesch (BL),Basel-Landschaft,1174.2506009615386
2535,Drei Höfe,Solothurn,1219.3505859375
3292,Flums,St. Gallen,1137.4056396484375
5143,Aranno,Ticino,1371.95205078125
6111,Leukerbad,Valais,1302.3430765086207
297,Bauma,Zürich,1186.368515625
945,Unterlangenegg,Bern,1267.235107421875
574,Brienzwiler,Bern,1054.1872306034484
309,Radelfingen,Bern,1251.141953125
5805,Oron,Vaud,1343.3301235465117
6109,Inden,Valais,1310.9867466517858
1405,Lungern,Obwalden,1123.7678006329113
2102,Ursy,Fribourg,1317.4698660714287
6785,Courtedoux,Jura,1193.506556919643
6199,Raron,Valais,1343.024174528302
5317,Maggia,Ticino,1220.5391047297298
4071,Jonen,Aargau,1185.4189453125
5885,Jongny,Vaud,1333.893310546875
5230,Vernate,Ticino,1397.0810546875
200,Wangen-Brüttisellen,Zürich,1188.748272235577
4240,Waltenschwil,Aargau,1179.2879464285713
6246,Saint-Léonard,Valais,1398.6154296875
4871,Wagenhausen,Thurgau,1175.3911576704545
869,Kaufdorf,Bern,1235.0927734375
1125,Dagmersellen,Luzern,1192.5411086309523
4237,Oberrüti,Aargau,1181.5107421875
5225,Sorengo,Ticino,1399.45556640625
38,Rheinau,Zürich,1173.776611328125
291,Andelfingen,Zürich,1174.3640625
5431,Mollens (VD),Vaud,1288.693359375
1630,Glarus Nord,Glarus,1042.4052921455939
6608,Carouge (GE),Genève,1294.7197265625
2054,Estavayer,Fribourg,1244.8030985169491
792,Lenk,Bern,1211.193480861244
1009,Werthenstein,Luzern,1151.7035006009614
935,Oberlangenegg,Bern,1227.0250459558824
4941,Märstetten,Thurgau,1183.7294921875
975,Farnern,Bern,1205.4619140625
6032,Bourg-Saint-Pierre,Valais,1373.372043918919
4078,Uezwil,Aargau,1186.1126953125
3669,Tschappina,Graubünden,1148.1420784883721
6604,Avusy,Genève,1295.72412109375
5484,Gollion,Vaud,1321.017822265625
5590,Pully,Vaud,1302.7384259259259
2611,Bärschwil,Solothurn,1116.778087797619
627,Worb,Bern,1270.1568667763158
586,Lütschental,Bern,1086.3032670454545
1,Aeugst am Albis,Zürich,1186.2758413461538
2425,Holderbank (SO),Solothurn,1166.31640625
4239,Sins,Aargau,1189.0326704545455
5723,Mies,Vaud,1290.3619495738637
2464,Lüsslingen-Nennigkofen,Solothurn,1206.645733173077
973,Bettenhausen,Bern,1205.324951171875
9089,Brienzersee,Bern,1122.16484375
3036,Wald (AR),Appenzell Ausserrhoden,1210.2255859375
2974,Wilchingen,Schaffhausen,1184.2694163602941
3274,Sennwald,St. Gallen,1189.4031690140846
2937,Neuhausen am Rheinfall,Schaffhausen,1177.481670673077
6416,Milvignes,Neuchâtel,1210.6088541666666
51,Bachenbülach,Zürich,1182.314208984375
491,Brüttelen,Bern,1232.9014485677083
6254,Noble-Contrée,Valais,1435.79765625
3804,Buseno,Graubünden,1270.1162109375
2079,Grangettes,Fribourg,1310.395263671875
1343,Innerthal,Schwyz,1064.8005459337348
5746,Bavois,Vaud,1272.1871553308824
576,Grindelwald,Bern,1112.2487157534247
943,Uebeschi,Bern,1181.3751395089287
4901,Birwinken,Thurgau,1194.23955078125
4081,Widen,Aargau,1190.8065185546875
1026,Eschenbach (LU),Luzern,1184.3310971467392
903,Lauperswil,Bern,1238.6163832720588
250,Urdorf,Zürich,1176.7747395833333
1082,Büron,Luzern,1205.2842881944443
5924,Orges,Vaud,1211.8995361328125
446,Tramelan,Bern,1209.6010861280488
1091,Mauensee,Luzern,1199.7548828125
351,Bern,Bern,1260.0232558139535
2782,Brislach,Basel-Landschaft,1179.0550631009614
5581,Belmont-sur-Lausanne,Vaud,1331.94482421875
3001,Herisau,Appenzell Ausserrhoden,1173.5047433035713
6716,Mettembert,Jura,1156.1728515625
4436,Romanshorn,Thurgau,1164.6680908203125
5412,Rennaz,Vaud,1258.89501953125
24,Buch am Irchel,Zürich,1172.86328125
2226,Treyvaux,Fribourg,1253.66572265625
242,Birmensdorf (ZH),Zürich,1185.0248766447369
6203,Mörel-Filet,Valais,1172.9681755514705
703,Reconvilier,Bern,1173.6770450367646
925,Fahrni,Bern,1262.6954520089287
6197,Kippel,Valais,1272.6729600694443
870,Kehrsatz,Bern,1238.197509765625
5854,Burtigny,Vaud,1308.3255859375
5571,Tévenon,Vaud,1240.41943359375
6456,Lignières,Neuchâtel,1230.2142857142858
5806,Jorat-Mézières,Vaud,1334.797340029762
354,Kirchlindach,Bern,1264.60517578125
668,Mühleberg,Bern,1260.5570652173913
381,Arch,Bern,1212.3645241477273
5742,Agiez,Vaud,1239.0499131944443
5287,Riviera,Ticino,1190.1285211267605
2584,Starrkirch-Wil,Solothurn,1153.3377278645833
4476,Erlen,Thurgau,1185.5821340460527
1143,Schötz,Luzern,1201.4019097222222
5154,Bissone,Ticino,1296.71064453125
5231,Vezia,Ticino,1396.898681640625
2481,Witterswil,Solothurn,1180.6341796875
5511,Assens,Vaud,1326.3748372395833
763,Erlenbach im Simmental,Bern,1226.678125
6758,Saint-Brais,Jura,1158.4055989583333
3352,Ebnat-Kappel,St. Gallen,1158.9229600694443
4283,Safenwil,Aargau,1164.453515625
5216,Pura,Ticino,1372.244140625
5514,Bottens,Vaud,1333.6273082386363
5684,Rossenges,Vaud,1313.073486328125
6214,Finhaut,Valais,1327.13583984375
766,Oberwil im Simmental,Bern,1223.541796875
2887,Lampenberg,Basel-Landschaft,1176.4703776041667
1706,Oberägeri,Zug,1180.2909226190477
496,Ins,Bern,1243.6583460365853
2791,Röschenz,Basel-Landschaft,1180.2825927734375
6057,Fiesch,Valais,1361.4403782894738
2115,Torny,Fribourg,1288.3280029296875
972,Berken,Bern,1193.0889892578125
4144,Schöftland,Aargau,1176.8716796875
2211,Neyruz (FR),Fribourg,1287.8715277777778
4726,Fischingen,Thurgau,1175.3262087264152
842,Lauenen,Bern,1194.3675
3787,St. Moritz,Graubünden,1347.0808676861702
3273,Grabs,St. Gallen,1126.6970108695652
2480,Seewen,Solothurn,1165.956263950893
1701,Baar,Zug,1182.5267078488373
34,Laufen-Uhwiesen,Zürich,1181.2591145833333
3952,Jenins,Graubünden,1268.5348115808824
4411,Egnach,Thurgau,1175.5033318014705
5843,Rougemont,Vaud,1242.26552734375
538,Fraubrunnen,Bern,1240.0703125
3038,Wolfhalden,Appenzell Ausserrhoden,1172.7614182692307
5076,Personico,Ticino,1042.1875
5227,Torricella-Taverne,Ticino,1345.7633056640625
6432,La Brévine,Neuchâtel,1228.3307291666667
1085,Geuensee,Luzern,1206.985262784091
5495,Penthalaz,Vaud,1298.5160435267858
6458,Neuchâtel,Neuchâtel,1224.7604417067307
1373,Steinen,Schwyz,1164.8692336309523
5921,Molondin,Vaud,1271.9375
2547,Günsberg,Solothurn,1198.263671875
5205,Muzzano,Ticino,1386.8543294270833
244,Geroldswil,Zürich,1184.5056966145833
1063,Meggen,Luzern,1143.9312160326087
6082,Ayent,Valais,1415.5935855263158
2891,Niederdorf,Basel-Landschaft,1170.139404296875
1054,Ebikon,Luzern,1148.1955422794117
6300,Zermatt,Valais,1386.570987654321
4182,Wölflinswil,Aargau,1169.6904296875
382,Büetigen,Bern,1229.222935267857
754,Walperswil,Bern,1232.31708984375
2147,Pont-la-Ville,Fribourg,1277.076388888889
2055,Cheyres-Châbles,Fribourg,1217.59375
2137,Hauteville,Fribourg,1272.2087545955883
1052,Buchrain,Luzern,1170.7826450892858
2576,Gretzenbach,Solothurn,1160.794921875
2099,Siviriez,Fribourg,1316.3400669642858
3711,Rongellen,Graubünden,973.573974609375
585,Leissigen,Bern,980.8897058823529
5732,Vich,Vaud,1306.4990234375
5585,Jouxtens-Mézery,Vaud,1334.9890950520833
3837,Calanca,Graubünden,1284.4183238636363
5171,Caslano,Ticino,1344.4330357142858
5427,Féchy,Vaud,1321.8396809895833
1375,Unteriberg,Schwyz,1051.3145559210527
85,Dänikon,Zürich,1178.66181640625
5754,Juriens,Vaud,1237.85498046875
1007,Romoos,Luzern,1154.021949404762
1104,Triengen,Luzern,1198.628689236111
5407,Leysin,Vaud,1361.7227822580646
1342,Galgenen,Schwyz,1124.0569957386363
99,Schöfflisdorf,Zürich,1173.840234375
1005,Hasle (LU),Luzern,1123.6164981617646
2501,Winznau,Solothurn,1166.17060546875
3021,Bühler,Appenzell Ausserrhoden,1178.702365451389
4277,Moosleerau,Aargau,1192.845458984375
4313,Leuggern,Aargau,1176.4837962962963
5606,Lutry,Vaud,1309.6377314814815
5498,La Sarraz,Vaud,1268.0177176339287
118,Rüti (ZH),Zürich,1207.946231617647
438,Orvin,Bern,1201.0917467948718
1129,Fischbach,Luzern,1216.0015024038462
5568,Sainte-Croix,Vaud,1198.1127565298507
4137,Leimbach (AG),Aargau,1199.2979736328125
6009,Simplon,Valais,1288.231821895425
4124,Bözberg,Aargau,1180.151953125
6743,Les Breuleux,Jura,1213.8240685096155
922,Blumenstein,Bern,1108.489921875
959,Walterswil (BE),Bern,1226.431361607143
394,Wengi,Bern,1240.5107421875
5251,Coldrerio,Ticino,1400.7337239583333
5560,Grandevent,Vaud,1232.301478794643
5112,Lavertezzo,Ticino,1415.1610107421875
2138,Jaun,Fribourg,1154.5472995923913
541,Iffwil,Bern,1248.842075892857
6421,La Chaux-de-Fonds,Neuchâtel,1204.6371343085107
101,Steinmaur,Zürich,1180.2732077205883
6709,Courroux,Jura,1152.6501266891892
6645,Veyrier,Genève,1273.486328125
5531,Penthéréaz,Vaud,1292.03525390625
630,Allmendingen,Bern,1272.478794642857
6404,Boudry,Neuchâtel,1139.8444234913793
6177,Grengiols,Valais,1197.9204545454545
6745,Les Enfers,Jura,1153.250697544643
1711,Zug,Zug,1147.4296189692982
5406,Lavey-Morcles,Vaud,1190.302055027174
6033,Liddes,Valais,1336.908163265306
1321,Feusisberg,Schwyz,1169.23828125
1367,Muotathal,Schwyz,1125.2943855932203
767,Reutigen,Bern,1109.2945963541667
2476,Hofstetten-Flüh,Solothurn,1164.3387974330358
606,Brenzikofen,Bern,1239.658203125
731,Aegerten,Bern,1205.781494140625
4274,Brittnau,Aargau,1186.200390625
4851,Salenstein,Thurgau,1161.27578125
4039,Remetschwil,Aargau,1184.923130580357
742,Mörigen,Bern,1206.6642252604167
502,Vinelz,Bern,1217.0130208333333
5683,Prévonloup,Vaud,1302.116455078125
2272,Misery-Courtion,Fribourg,1272.977322048611
3781,Bever,Graubünden,1369.8014407467533
4511,Zihlschlacht-Sitterdorf,Thurgau,1181.1853693181818
6636,Puplinge,Genève,1310.060302734375
6087,Saint-Martin (VS),Valais,1315.3240927419354
708,Schelten,Bern,1092.873779296875
2582,Rickenbach (SO),Solothurn,1161.49501953125
422,Rüti bei Lyssach,Bern,1236.371337890625
5621,Aclens,Vaud,1326.359619140625
3034,Rehetobel,Appenzell Ausserrhoden,1195.1790364583333
5315,Linescio,Ticino,1195.0066731770833
3297,Vilters-Wangs,St. Gallen,1076.2481863839287
5071,Dalpe,Ticino,1110.0264945652175
4256,Obermumpf,Aargau,1177.520263671875
716,Petit-Val,Bern,1145.5104851973683
5199,Mezzovico-Vira,Ticino,1308.2560453869048
2612,Beinwil (SO),Solothurn,1119.0651041666667
6137,Martigny-Combe,Valais,1147.124755859375
3946,Untervaz,Graubünden,1221.567071143617
2337,Le Flon,Fribourg,1332.4563802083333
3238,Widnau,St. Gallen,1217.1346028645833
4030,Killwangen,Aargau,1156.86865234375
4561,Felben-Wellhausen,Thurgau,1170.73603515625
54,Dietlikon,Zürich,1186.2276785714287
992,Wangen an der Aare,Bern,1196.010986328125
629,Oberhünigen,Bern,1253.006747159091
231,Zell (ZH),Zürich,1181.7664240056818
2617,Grindel,Solothurn,1099.85888671875
3808,Rossa,Graubünden,1248.275430484694
4611,Thundorf,Thurgau,1184.1531519396551
605,Bowil,Bern,1244.6736778846155
6112,Oberems,Valais,1333.7782521802326
9073,Thunersee,Bern,1188.942263719512
4202,Meisterschwanden,Aargau,1183.044921875
4260,Stein (AG),Aargau,1173.1830078125
5624,Bussigny,Vaud,1330.8797607421875
5010,Lumino,Ticino,1298.1592881944443
2463,Unterramsern,Solothurn,1238.74560546875
1058,Horw,Luzern,1113.4147727272727
2701,Basel,Basel-Stadt,1199.829215116279
5752,Croy,Vaud,1246.2786865234375
6602,Anières,Genève,1288.601953125
2427,Matzendorf,Solothurn,1128.6223958333333
628,Zäziwil,Bern,1258.443080357143
5907,Chavannes-le-Chêne,Vaud,1274.7833658854167
5707,Chavannes-de-Bogis,Vaud,1297.294921875
4506,Sulgen,Thurgau,1182.8513327205883
888,Wald (BE),Bern,1275.7421875
3786,Samedan,Graubünden,1331.7145618556701
5309,Cerentino,Ticino,1178.3178998161766
843,Saanen,Bern,1251.2565424876848
1347,Tuggen,Schwyz,1178.3100405092594
2304,St. Ursen,Fribourg,1270.3772898706898
3294,Pfäfers,St. Gallen,1101.0298562206572
3637,Rothenbrunnen,Graubünden,1185.382421875
194,Greifensee,Zürich,1187.79296875
432,Cormoret,Bern,1179.6744495738637
756,Twann-Tüscherz,Bern,1217.8712890625
4546,Schlatt (TG),Thurgau,1177.3644935344828
6812,Basse-Vendline,Jura,1205.473388671875
1121,Alberswil,Luzern,1199.7001953125
4275,Kirchleerau,Aargau,1189.3060825892858
6217,Saint-Maurice,Valais,1142.2179542824074
5622,Bremblens,Vaud,1329.41845703125
1311,Gersau,Schwyz,1129.2312700320513
3788,S-chanf,Graubünden,1339.525482832618
336,Reisiswil,Bern,1208.9776204427083
4406,Dozwil,Thurgau,1173.5479736328125
3002,Hundwil,Appenzell Ausserrhoden,1105.9595424107142
582,Iseltwald,Bern,1000.3703547297297
2789,Nenzlingen,Basel-Landschaft,1184.0673828125
178,Russikon,Zürich,1200.10921875
938,Sigriswil,Bern,1168.163810483871
6751,Montfaucon,Jura,1190.326904296875
4023,Bergdietikon,Aargau,1178.88095703125
4263,Zeiningen,Aargau,1186.50390625
1403,Giswil,Obwalden,1127.9924496644296
12,Rifferswil,Zürich,1195.6458333333333
33,Kleinandelfingen,Zürich,1177.0073529411766
6232,Chalais,Valais,1191.6833212209303
6139,Riddes,Valais,1254.9259765625
3394,Mosnang,St. Gallen,1146.0495689655172
3104,Schlatt-Haslen,Appenzell Innerrhoden,1155.120841733871
5613,Bourg-en-Lavaux,Vaud,1294.5158743351064
2053,Belmont-Broye,Fribourg,1272.5224382267443
2841,Anwil,Basel-Landschaft,1187.9755859375
4177,Sisseln,Aargau,1183.8482421875
739,Ipsach,Bern,1204.2293294270833
57,Freienstein-Teufen,Zürich,1172.9639322916667
5488,Mauraz,Vaud,1280.9320068359375
6611,Chancy,Genève,1283.5340576171875
6267,Veysonnaz,Valais,1337.9110107421875
2233,Hauterive (FR),Fribourg,1279.032421875
2325,Châtel-Saint-Denis,Fribourg,1278.1224922839506
5873,Le Lieu,Vaud,1239.1135912698412
6035,Sembrancher,Valais,1168.269783266129
1025,Ermensee,Luzern,1187.8924005681818
386,Dotzigen,Bern,1219.0826822916667
409,Hindelbank,Bern,1239.0496961805557
5812,Champtauroz,Vaud,1292.4371744791667
410,Höchstetten,Bern,1217.56103515625
5113,Locarno,Ticino,1381.1350038109756
115,Gossau (ZH),Zürich,1208.807896205357
2530,Recherswil,Solothurn,1219.0826822916667
2038,Prévondavaux,Fribourg,1292.80224609375
6436,Le Locle,Neuchâtel,1195.2744791666667
5281,Biasca,Ticino,1190.2846534653465
6282,Eisten,Valais,1207.4292210820895
65,Oberembrach,Zürich,1182.5654296875
2492,Kienberg,Solothurn,1154.3204520089287
931,Homberg,Bern,1235.1842447916667
1505,Ennetbürgen,Nidwalden,1103.3106770833333
1406,Sachseln,Obwalden,1067.7641447368421
769,Wimmis,Bern,1011.6207932692307
841,Gsteig,Bern,1198.2377554086538
413,Koppigen,Bern,1225.7125355113637
3670,Urmein,Graubünden,1120.534946986607
6792,Grandfontaine,Jura,1192.6385416666667
5236,Collina d'Oro,Ticino,1345.8853352864583
3441,Andwil (SG),St. Gallen,1184.173828125
2265,Kerzers,Fribourg,1256.576171875
1062,Malters,Luzern,1132.7445790816328
5886,Montreux,Vaud,1250.924310064935
1207,Flüelen,Uri,1124.6199544270833
2858,Rothenfluh,Basel-Landschaft,1176.585629111842
5760,Rances,Vaud,1217.26416015625
4257,Olsberg,Aargau,1196.4857421875
2275,Murten,Fribourg,1255.74658203125
58,Glattfelden,Zürich,1175.95888671875
2500,Trimbach,Solothurn,1158.9138020833334
5151,Bioggio,Ticino,1367.4046223958333
4106,Mönthal,Aargau,1174.904994419643
552,Utzenstorf,Bern,1231.9881465517242
6771,Alle,Jura,1198.6489800347222
6614,Choulex,Genève,1308.3255859375
4035,Niederrohrdorf,Aargau,1177.71201171875
4073,Oberlunkhofen,Aargau,1189.619140625
403,Bäriswil,Bern,1237.32080078125
4170,Laufenburg,Aargau,1169.4322415865386
3022,Gais,Appenzell Ausserrhoden,1183.420424107143
6007,Naters,Valais,1380.0198170731708
136,Langnau am Albis,Zürich,1164.19765625
909,Trubschachen,Bern,1208.74375
296,Illnau-Effretikon,Zürich,1188.799067982456
3985,Sumvitg,Graubünden,1196.593201754386
219,Elsau,Zürich,1177.226841517857
433,Cortébert,Bern,1180.2772686298076
329,Langenthal,Bern,1198.2274070945946
121,Wetzikon (ZH),Zürich,1213.2752604166667
3037,Walzenhausen,Appenzell Ausserrhoden,1190.3497721354167
5533,Poliez-Pittet,Vaud,1329.5504557291667
70,Wasterkingen,Zürich,1188.6798270089287
5497,Pompaples,Vaud,1260.386474609375
603,Biglen,Bern,1271.922119140625
151,Erlenbach (ZH),Zürich,1179.8487548828125
736,Hagneck,Bern,1216.465576171875
6633,Plan-les-Ouates,Genève,1296.3453125
2860,Rünenberg,Basel-Landschaft,1180.4879557291667
6295,Täsch,Valais,1374.4065625
1506,Ennetmoos,Nidwalden,1041.638744212963
6626,Jussy,Genève,1311.3895399305557
957,Sumiswald,Bern,1213.899443069307
4013,Unterentfelden,Aargau,1167.12001953125
5790,Maracon,Vaud,1343.3370535714287
64,Nürensdorf,Zürich,1192.4981617647059
5539,Vuarrens,Vaud,1303.796484375
6638,Satigny,Genève,1292.1882102272727
3298,Walenstadt,St. Gallen,1203.0623094512196
701,Perrefitte,Bern,1146.9064797794117
3561,Poschiavo,Graubünden,1308.1349693251534
2471,Bättwil,Solothurn,1170.1389973958333
2194,Ferpicloz,Fribourg,1272.3485107421875
1066,Schwarzenberg,Luzern,1066.756865530303
2044,Surpierre,Fribourg,1282.89501953125
3101,Appenzell,Appenzell Innerrhoden,1159.181640625
612,Konolfingen,Bern,1268.5797230113637
1142,Roggliswil,Luzern,1195.4631569602273
929,Hilterfingen,Bern,1238.0513671875
5141,Agno,Ticino,1371.8792724609375
3211,Berg (SG),St. Gallen,1174.9635009765625
4590,Hüttlingen,Thurgau,1169.0373046875
4111,Riniken,Aargau,1168.7545166015625
5853,Bursins,Vaud,1311.2477213541667
885,Uttigen,Bern,1242.2763671875
3426,Zuzwil (SG),St. Gallen,1183.5697021484375
2254,Courtepin,Fribourg,1267.9654605263158
4205,Othmarsingen,Aargau,1175.293185763889
4029,Gebenstorf,Aargau,1163.35791015625
6622,Genthod,Genève,1291.9296875
939,Steffisburg,Bern,1244.0414402173913
745,Port,Bern,1195.554443359375
2832,Ramlinsburg,Basel-Landschaft,1184.725
5799,Servion,Vaud,1343.9173177083333
762,Diemtigen,Bern,1144.6026785714287
5249,Castel San Pietro,Ticino,1389.4110814144738
5706,Borex,Vaud,1294.446044921875
2932,Beringen,Schaffhausen,1176.9905303030303
561,Adelboden,Bern,1148.6963682432433
138,Richterswil,Zürich,1177.5660807291667
2575,Fulenbach,Solothurn,1179.6010044642858
2162,Bas-Intyamon,Fribourg,1162.453892299107
5402,Bex,Vaud,1181.7348572530864
2117,Villaz,Fribourg,1297.7332589285713
4951,Wigoltingen,Thurgau,1185.8490423387098
5716,Eysins,Vaud,1298.70703125
3834,Roveredo (GR),Graubünden,1173.5814393939395
2622,Zullwil,Solothurn,1146.2760416666667
4063,Bremgarten (AG),Aargau,1176.5798828125
1704,Menzingen,Zug,1180.0543619791667
1040,Rothenburg,Luzern,1177.8400065104167
6198,Niedergesteln,Valais,1367.7905745967741
248,Uitikon,Zürich,1189.7408854166667
2856,Ormalingen,Basel-Landschaft,1185.5733924278845
4068,Hägglingen,Aargau,1181.2915364583334
1215,Seelisberg,Uri,1052.7565524193549
2585,Walterswil (SO),Solothurn,1173.5482700892858
5652,Villars-sous-Yens,Vaud,1335.71923828125
1132,Hergiswil bei Willisau,Luzern,1174.3475825471698
2051,Delley-Portalban,Fribourg,1223.9275323275863
6153,Monthey,Valais,1196.2164713541667
3863,Jenaz,Graubünden,1188.6764171511627
431,Corgémont,Bern,1182.302978515625
6423,La Sagne,Neuchâtel,1210.2345566860465
390,Meinisberg,Bern,1210.177734375
3004,Schwellbrunn,Appenzell Ausserrhoden,1170.5895833333334
4038,Obersiggenthal,Aargau,1175.252734375
493,Finsterhennen,Bern,1240.0756138392858
9328,Bodensee (SG),St. Gallen,1140.8559253246754
5892,Blonay - Saint-Légier,Vaud,1278.9791165865386
711,Sorvilier,Bern,1125.5177408854167
6831,Moutier,Jura,1097.9532510080646
6718,Movelier,Jura,1183.0186941964287
3673,Domleschg,Graubünden,1299.1317845394738
326,Gondiswil,Bern,1216.8758544921875
6077,Goms,Valais,1297.2675957207207
4134,Dürrenäsch,Aargau,1189.9478515625
1632,Glarus,Glarus,1036.1878472222222
2518,Etziken,Solothurn,1212.203857421875
5819,Henniez,Vaud,1277.49833984375
5397,Centovalli,Ticino,1201.2912087912089
4264,Zuzgen,Aargau,1187.7406529017858
3715,Muntogna da Schons,Graubünden,1300.246875
5483,Ferreyres,Vaud,1263.9111328125
160,Zumikon,Zürich,1196.1025390625
867,Gurzelen,Bern,1208.551513671875
6413,Rochefort,Neuchâtel,1208.4217051630435
2174,Avry,Fribourg,1286.2075737847222
2573,Dulliken,Solothurn,1149.40517578125
4140,Oberkulm,Aargau,1187.8387451171875
750,Sutz-Lattrigen,Bern,1205.2032877604167
6641,Troinex,Genève,1275.2705078125
2495,Niedergösgen,Solothurn,1161.0253208705358
2295,Bösingen,Fribourg,1271.9592391304348
6298,Visperterminen,Valais,1323.9777914325844
391,Oberwil bei Büren,Bern,1228.3357599431818
2266,Kleinbösingen,Fribourg,1268.22099609375
3732,Flims,Graubünden,1311.1048850574712
6288,Saas-Almagell,Valais,1394.3076923076924
1059,Kriens,Luzern,1099.342793367347
6808,Clos du Doubs,Jura,1147.9364741161617
2050,Les Montets,Fribourg,1271.1346507352941
5491,Mont-la-Ville,Vaud,1257.957421875
6643,Vernier,Genève,1303.4991629464287
4033,Mellingen,Aargau,1173.7513020833333
3203,St. Gallen,St. Gallen,1169.9939365671642
2532,Subingen,Solothurn,1206.686434659091
2821,Arisdorf,Basel-Landschaft,1181.7556295955883
786,Schattenhalb,Bern,1011.4875442216982
393,Rüti bei Büren,Bern,1216.9464666193182
2548,Hubersdorf,Solothurn,1194.18505859375
6010,Termen,Valais,1308.1552083333333
359,Vechigen,Bern,1253.8942454268292
5611,Savigny,Vaud,1354.9370492788462
979,Herzogenbuchsee,Bern,1206.6490478515625
5555,Corcelles-près-Concise,Vaud,1225.8353365384614
5648,Saint-Sulpice (VD),Vaud,1294.686049107143
2862,Tecknau,Basel-Landschaft,1157.1123046875
5426,Bougy-Villars,Vaud,1325.2486979166667
2824,Frenkendorf,Basel-Landschaft,1188.8888346354167
243,Dietikon,Zürich,1179.3192708333333
4147,Zetzwil,Aargau,1197.44189453125
4142,Schlossrued,Aargau,1185.7230631510417
13,Stallikon,Zürich,1172.8561883223683
2404,Neuendorf,Solothurn,1177.1092122395833
4285,Strengelbach,Aargau,1176.7625
5481,Dizy,Vaud,1282.7578125
2445,Biezwil,Solothurn,1238.9803292410713
4811,Herdern,Thurgau,1185.3885091145833
6712,Develier,Jura,1186.47822265625
2853,Maisprach,Basel-Landschaft,1183.4620535714287
982,Niederönz,Bern,1210.438720703125
2904,Neunkirch,Schaffhausen,1178.6160888671875
226,Schlatt (ZH),Zürich,1180.64453125
6790,Fontenais,Jura,1170.112964527027
1407,Sarnen,Obwalden,1180.0898731203008
1218,Spiringen,Uri,1118.561802455357
1023,Ballwil,Luzern,1192.0356069711538
161,Zollikon,Zürich,1187.287334735577
180,Weisslingen,Zürich,1191.2193080357142
5830,Villarzel,Vaud,1288.9673295454545
1123,Altishofen,Luzern,1203.214554398148
6215,Massongex,Valais,1223.4252387152778
2542,Bellach,Solothurn,1202.7314453125
156,Meilen,Zürich,1189.5279296875
345,Wynau,Bern,1183.0042317708333
4671,Kreuzlingen,Thurgau,1178.219572368421
1083,Buttisholz,Luzern,1191.4454520089287
6023,Conthey,Valais,1355.0749113475176
5117,Mergoscia,Ticino,1283.505859375
671,Wileroltigen,Bern,1258.547154017857
4201,Lenzburg,Aargau,1171.3352481617646
5208,Origlio,Ticino,1399.5162760416667
5675,Lucens,Vaud,1294.822324810606
3638,Scharans,Graubünden,1283.970625
5428,Gimel,Vaud,1305.7688210227273
3256,Rüthi (SG),St. Gallen,1167.2578125
6297,Visp,Valais,1147.1340553977273
5910,Cronay,Vaud,1271.0138221153845
735,Epsach,Bern,1223.36826171875
5609,Rivaz,Vaud,1277.218505859375
6283,Embd,Valais,1390.5525716145833
2788,Liesberg,Basel-Landschaft,1146.1728515625
5399,Verzasca,Ticino,1227.526448787062
5785,Corcelles-le-Jorat,Vaud,1334.6494140625
5704,Begnins,Vaud,1305.7230224609375
2198,Granges-Paccot,Fribourg,1270.0201416015625
5591,Renens (VD),Vaud,1320.6831868489583
2455,Lüterkofen-Ichertswil,Solothurn,1217.9259440104167
6417,La Grande Béroche,Neuchâtel,1218.1806778169014
2580,Kappel (SO),Solothurn,1160.855712890625
5934,Valeyres-sous-Ursins,Vaud,1273.0421875
5587,Le Mont-sur-Lausanne,Vaud,1345.6038818359375
3005,Stein (AR),Appenzell Ausserrhoden,1167.5580729166666
2865,Wenslingen,Basel-Landschaft,1185.7111328125
611,Kiesen,Bern,1252.546595982143
5167,Canobbio,Ticino,1371.87890625
5120,Muralto,Ticino,1394.8900146484375
181,Wila,Zürich,1183.6048177083333
3662,Flerden,Graubünden,1202.5688920454545
5429,Longirod,Vaud,1302.245174632353
2866,Wintersingen,Basel-Landschaft,1179.6170372596155
6512,Val-de-Travers,Neuchâtel,1184.341851635514
2919,Stetten (SH),Schaffhausen,1190.121337890625
2068,Châtonnaye,Fribourg,1291.706640625
1212,Realp,Uri,1360.7569179389313
435,La Ferrière,Bern,1208.3838704427083
6615,Collex-Bossy,Genève,1306.7862723214287
990,Walliswil bei Niederbipp,Bern,1192.2980143229167
3275,Sevelen,St. Gallen,1158.646171875
1145,Ufhusen,Luzern,1214.7691592261904
2403,Kestenholz,Solothurn,1181.340234375
4781,Wängi,Thurgau,1183.3344558189656
626,Walkringen,Bern,1241.0061961206898
1702,Cham,Zug,1179.5808971774193
2933,Buchberg,Schaffhausen,1171.4786241319443
4037,Oberrohrdorf,Aargau,1183.8797433035713
82,Boppelsen,Zürich,1195.0523681640625
1055,Gisikon,Luzern,1162.9560546875
3672,Safiental,Graubünden,1184.659068627451
94,Otelfingen,Zürich,1192.1759314903845
4163,Frick,Aargau,1175.3501302083334
2784,Dittingen,Basel-Landschaft,1182.7919170673076
2765,Binningen,Basel-Landschaft,1199.8461100260417
5629,Clarmont,Vaud,1333.1619873046875
499,Siselen,Bern,1235.787109375
5863,Vinzel,Vaud,1314.717041015625
9155,Lac de Neuchâtel (NE),Neuchâtel,1204.4692963286714
5522,Fey,Vaud,1311.4606119791667
1139,Pfaffnau,Luzern,1191.4942708333333
2764,Biel-Benken,Basel-Landschaft,1200.39404296875
1039,Römerswil,Luzern,1194.0778556034484
1089,Knutwil,Luzern,1201.444091796875
4110,Remigen,Aargau,1168.1820162259614
1348,Vorderthal,Schwyz,1111.223858173077
8,Maschwanden,Zürich,1184.7340087890625
4276,Kölliken,Aargau,1172.8420572916666
5408,Noville,Vaud,1246.609375
6037,Val de Bagnes,Valais,1366.1190476190477
3393,Lütisburg,St. Gallen,1175.7549641927083
1710,Walchwil,Zug,1162.251674107143
6628,Lancy,Genève,1298.24453125
3821,Lostallo,Graubünden,1160.3377808988764
5923,Oppens,Vaud,1295.8460286458333
793,St. Stephan,Bern,1227.7116959951456
6750,Lajoux (JU),Jura,1206.1550958806818
5242,Balerna,Ticino,1386.4158203125
4132,Birrwil,Aargau,1176.744384765625
116,Grüningen,Zürich,1204.18359375
4751,Rickenbach (TG),Thurgau,1179.93994140625
749,Studen (BE),Bern,1222.4005126953125
2828,Lausen,Basel-Landschaft,1176.267361111111
2230,Villarsel-sur-Marly,Fribourg,1266.3216959635417
1323,Wollerau,Schwyz,1159.5166829427083
1206,Erstfeld,Uri,1042.54765625
2043,Sévaz,Fribourg,1268.0567626953125
5226,Capriasca,Ticino,1381.0701844262296
361,Zollikofen,Bern,1258.6513671875
333,Melchnau,Bern,1197.6546415441176
2155,Vaulruz,Fribourg,1298.8897569444443
1135,Luthern,Luzern,1173.9366319444443
303,Grossaffoltern,Bern,1243.6305338541667
3543,Surses,Graubünden,1298.9264842300556
2067,Le Châtelard,Fribourg,1310.9307291666667
3007,Waldstatt,Appenzell Ausserrhoden,1179.3360877403845
2851,Kilchberg (BL),Basel-Landschaft,1185.60205078125
83,Buchs (ZH),Zürich,1192.54130859375
5492,Montricher,Vaud,1267.1202761627908
141,Thalwil,Zürich,1164.371337890625
594,Wilderswil,Bern,960.0594815340909
4027,Fislisbach,Aargau,1173.9799360795455
153,Hombrechtikon,Zürich,1189.932105654762
5637,Lavigny,Vaud,1335.6671316964287
923,Buchholterberg,Bern,1275.8602764423076
1220,Wassen,Uri,1176.3589939024391
2572,Däniken,Solothurn,1159.9818638392858
4034,Neuenhof,Aargau,1155.21259765625
4261,Wallbach,Aargau,1187.2451171875
3981,Breil/Brigels,Graubünden,1278.702936746988
5730,Trélex,Vaud,1282.0732421875
5541,Goumoëns,Vaud,1303.962673611111
2868,Zeglingen,Basel-Landschaft,1148.60693359375
500,Treiten,Bern,1245.2744140625
5404,Corbeyrier,Vaud,1282.4739583333333
5715,Duillier,Vaud,1302.1685267857142
4077,Tägerig,Aargau,1167.4849609375
215,Dättlikon,Zürich,1175.520703125
301,Aarberg,Bern,1244.23828125
4199,Holderbank (AG),Aargau,1153.3680419921875
2885,Eptingen,Basel-Landschaft,1134.9392233455883
3962,Schiers,Graubünden,1239.2787747524753
2550,Langendorf,Solothurn,1201.2158203125
5496,Penthaz,Vaud,1314.108642578125
86,Dielsdorf,Zürich,1188.7791015625
1107,Wolhusen,Luzern,1168.1608072916667
2426,Laupersdorf,Solothurn,1158.35390625
3582,Schluein,Graubünden,1280.2010498046875
362,Ittigen,Bern,1258.19482421875
575,Därligen,Bern,884.7268880208334
2867,Wittinsburg,Basel-Landschaft,1174.8873697916667
2766,Birsfelden,Basel-Landschaft,1194.732421875
6205,Bettmeralp,Valais,1401.814413265306
5310,Cevio,Ticino,1202.639892578125
6281,Baltschieder,Valais,1357.3239976415093
904,Röthenbach im Emmental,Bern,1228.248759920635
195,Maur,Zürich,1185.1519681490386
6263,Grimisuat,Valais,1469.8876953125
2825,Füllinsdorf,Basel-Landschaft,1185.87548828125
251,Weiningen (ZH),Zürich,1186.291232638889
2586,Wangen bei Olten,Solothurn,1161.9264914772727
2889,Lauwil,Basel-Landschaft,1120.1435546875
3514,Schmitten (GR),Graubünden,1304.9421258223683
3792,Bregaglia,Graubünden,1252.186766431925
1061,Luzern,Luzern,1104.0753968253969
5883,Corseaux,Vaud,1280.9317801339287
5639,Lully (VD),Vaud,1322.0833333333333
5931,Treycovagnes,Vaud,1247.4503580729167
356,Muri bei Bern,Bern,1265.1697716346155
589,Oberried am Brienzersee,Bern,1162.5022490530303
2148,Riaz,Fribourg,1305.0077311197917
4095,Brugg,Aargau,1165.5128728693182
1030,Hitzkirch,Luzern,1198.0944010416667
3032,Heiden,Appenzell Ausserrhoden,1188.9220525568182
3951,Fläsch,Graubünden,1218.7640165441176
707,Saules (BE),Bern,1205.950892857143
5423,Ballens,Vaud,1304.2516526442307
3006,Urnäsch,Appenzell Ausserrhoden,1138.000188253012
2938,Rüdlingen,Schaffhausen,1172.5189098011363
1002,Entlebuch,Luzern,1135.606534090909
3785,La Punt Chamues-ch,Graubünden,1349.7644675925926
2029,Montagny (FR),Fribourg,1277.18203125
905,Rüderswil,Bern,1243.004662298387
3236,St. Margrethen,St. Gallen,1176.33984375
4641,Altnau,Thurgau,1169.6826171875
4207,Schafisheim,Aargau,1165.36669921875
5108,Gordola,Ticino,1380.7013221153845
3506,Vaz/Obervaz,Graubünden,1312.7181332236842
6248,Sierre,Valais,1321.175662878788
2534,Zuchwil,Solothurn,1198.854771205357
6713,Ederswiler,Jura,1130.4486490885417
868,Jaberg,Bern,1255.8512369791667
2834,Ziefen,Basel-Landschaft,1165.1756310096155
5503,Vufflens-la-Ville,Vaud,1325.0660807291667
5627,Chavannes-près-Renens,Vaud,1318.18701171875
2041,Saint-Aubin (FR),Fribourg,1268.625751201923
6290,Saas-Fee,Valais,1356.8111007462687
2614,Büsserach,Solothurn,1142.2586263020833
3035,Reute (AR),Appenzell Ausserrhoden,1208.821010044643
2703,Riehen,Basel-Stadt,1194.9153645833333
4195,Egliswil,Aargau,1180.853125
4501,Kradolf-Schönenberg,Thurgau,1176.7064568014705
414,Krauchthal,Bern,1228.0036695075758
791,Boltigen,Bern,1251.733787593985
4012,Suhr,Aargau,1162.6920572916667
5717,Founex,Vaud,1292.3668870192307
4921,Bussnang,Thurgau,1179.8005514705883
5489,Mex (VD),Vaud,1330.4229736328125
747,Scheuren,Bern,1217.92626953125
951,Affoltern im Emmental,Bern,1245.5409128289473
411,Kernenried,Bern,1239.95078125
615,Mirchel,Bern,1255.5833984375
2096,Romont (FR),Fribourg,1304.9833984375
3233,Berneck,St. Gallen,1191.4910888671875
6753,Muriaux,Jura,1204.1684895833334
985,Ochlenberg,Bern,1212.7960759943182
948,Forst-Längenbühl,Bern,1187.4683159722222
6292,St. Niklaus,Valais,1261.2154605263158
5482,Eclépens,Vaud,1275.777560763889
2844,Buus,Basel-Landschaft,1188.4590992647059
198,Uster,Zürich,1198.1416666666667
14,Wettswil am Albis,Zürich,1185.183872767857
1709,Unterägeri,Zug,1159.1086805555556
4223,Auw,Aargau,1192.516796875
402,Alchenstorf,Bern,1223.2527669270833
305,Kappelen,Bern,1239.1200657894738
5518,Echallens,Vaud,1320.996844951923
2621,Nunningen,Solothurn,1162.1848958333333
4024,Birmenstorf (AG),Aargau,1170.8230919471155
5221,Savosa,Ticino,1418.9959716796875
5414,Villeneuve (VD),Vaud,1202.984904661017
6757,Saignelégier,Jura,1161.7467672413793
6213,Evionnaz,Valais,1184.194637345679
3232,Balgach,St. Gallen,1212.5636541193182
1341,Altendorf,Schwyz,1152.5373046875
294,Elgg,Zürich,1176.8917267628206
3955,Landquart,Graubünden,1197.301285282258
5860,Perroy,Vaud,1297.0153556034484
1122,Altbüron,Luzern,1205.690204326923
2822,Augst,Basel-Landschaft,1194.24609375
5851,Allaman,Vaud,1297.348787006579
1136,Menznau,Luzern,1169.916420990566
261,Zürich,Zürich,1177.2814417177915
3379,Wattwil,St. Gallen,1173.2424600290697
3835,San Vittore,Graubünden,1303.09375
3,Bonstetten,Zürich,1187.6243990384614
2787,Laufen,Basel-Landschaft,1161.094959077381
3581,Sagogn,Graubünden,1260.6771129261363
6218,Salvan,Valais,1286.7926962209303
4165,Gipf-Oberfrick,Aargau,1173.4796142578125
3359,Wildhaus-Alt St. Johann,St. Gallen,1157.648909395973
2931,Bargen (SH),Schaffhausen,1162.2255108173076
2601,Solothurn,Solothurn,1200.617404513889
2847,Häfelfingen,Basel-Landschaft,1153.0943196614583
4233,Kallern,Aargau,1186.98955078125
2258,Fräschels,Fribourg,1251.5900065104167
2134,Grandvillard,Fribourg,1167.320703125
97,Rümlang,Zürich,1189.154385653409
4196,Fahrwangen,Aargau,1191.5672743055557
3231,Au (SG),St. Gallen,1211.656032986111
196,Mönchaltorf,Zürich,1198.9208333333333
3712,Zillis-Reischen,Graubünden,1189.6715029761904
6202,Wiler (Lötschen),Valais,1273.0075577445652
84,Dällikon,Zürich,1176.105189732143
59,Hochfelden,Zürich,1182.5701171875
2238,Bois-d'Amont,Fribourg,1271.6676136363637
363,Ostermundigen,Bern,1257.8215553977273
2323,Bossonnens,Fribourg,1349.5990668402778
4198,Hendschiken,Aargau,1176.574497767857
5705,Bogis-Bossey,Vaud,1294.5677083333333
5176,Comano,Ticino,1412.056640625
5553,Champagne,Vaud,1231.1011439732142
247,Schlieren,Zürich,1179.6451322115386
5902,Belmont-sur-Yverdon,Vaud,1267.2957899305557
4307,Full-Reuenthal,Aargau,1175.3287353515625
6789,Fahy,Jura,1201.2789963942307
2391,Staatswald Galm,Fribourg,1267.6608072916667
342,Thunstetten,Bern,1202.7681884765625
3954,Malans,Graubünden,1280.56640625
591,Saxeten,Bern,1012.627959280303
852,Guggisberg,Bern,1211.6057235054348
5610,Saint-Saphorin (Lavaux),Vaud,1278.4560546875
733,Brügg,Bern,1209.45244140625
2830,Lupsingen,Basel-Landschaft,1175.2528483072917
5196,Massagno,Ticino,1412.0565185546875
4204,Niederlenz,Aargau,1171.3568522135417
5592,Romanel-sur-Lausanne,Vaud,1342.2027587890625
3031,Grub (AR),Appenzell Ausserrhoden,1181.328125
1368,Oberiberg,Schwyz,1157.0268229166666
385,Diessbach bei Büren,Bern,1232.82841796875
135,Kilchberg (ZH),Zürich,1169.67666015625
670,Neuenegg,Bern,1271.7723357371794
2123,Botterens,Fribourg,1220.9853515625
96,Regensdorf,Zürich,1186.484130859375
546,Münchenbuchsee,Bern,1256.293856534091
1084,Eich,Luzern,1190.5584542410713
581,Interlaken,Bern,1166.51708984375
5690,Villars-le-Comte,Vaud,1307.5340169270833
782,Guttannen,Bern,1253.2099550898204
543,Mattstetten,Bern,1241.987060546875
29,Flurlingen,Zürich,1167.4607747395833
2772,Pfeffingen,Basel-Landschaft,1160.1558159722222
5831,Valbroye,Vaud,1287.6363877118645
669,Münchenwiler,Bern,1250.6162923177083
3202,Muolen,St. Gallen,1184.163330078125
4001,Aarau,Aargau,1160.541232638889
5415,Yvorne,Vaud,1277.9749813988096
2702,Bettingen,Basel-Stadt,1197.5330403645833
6002,Brig-Glis,Valais,1138.3359375
2135,Gruyères,Fribourg,1192.2491319444443
3722,Domat/Ems,Graubünden,1139.893043154762
5238,Monteceneri,Ticino,1278.251191737288
4139,Menziken,Aargau,1202.2623197115386
1004,Flühli,Luzern,1143.5423986486487
2528,Obergerlafingen,Solothurn,1218.8390299479167
785,Meiringen,Bern,1046.1351102941176
4696,Tägerwilen,Thurgau,1180.0458470394738
2859,Rümlingen,Basel-Landschaft,1164.416748046875
5395,Lema,Ticino,1406.023941532258
3746,Zernez,Graubünden,1298.1683937823834
5474,La Chaux (Cossonay),Vaud,1285.8128551136363
5635,Ecublens (VD),Vaud,1316.7626953125
565,Kandersteg,Bern,1159.813864628821
5922,Montagny-près-Yverdon,Vaud,1230.161865234375
90,Niederhasli,Zürich,1187.411044034091
2846,Gelterkinden,Basel-Landschaft,1176.995361328125
5203,Morcote,Ticino,1316.1985677083333
2292,Brünisried,Fribourg,1252.0771484375
6632,Perly-Certoux,Genève,1302.481689453125
2114,Villorsonnens,Fribourg,1294.89875
55,Eglisau,Zürich,1167.8182373046875
6433,Brot-Plamboz,Neuchâtel,1214.0909598214287
2236,Gibloux,Fribourg,1284.9082661290322
751,Täuffelen,Bern,1212.4109375
412,Kirchberg (BE),Bern,1230.5045166015625
2842,Böckten,Basel-Landschaft,1188.706298828125
5862,Tartegnin,Vaud,1315.81298828125
6511,Les Verrières,Neuchâtel,1215.895390625
2262,Gurmels,Fribourg,1269.7164522058824
4601,Neunforn,Thurgau,1181.01767578125
4044,Untersiggenthal,Aargau,1171.3263346354167
2163,Val-de-Charmey,Fribourg,1191.68021373057
5479,Cuarnens,Vaud,1274.385516826923
2250,Courgevaux,Fribourg,1248.72900390625
10,Obfelden,Zürich,1184.955303485577
1209,Gurtnellen,Uri,1133.1764184397164
26,Dorf,Zürich,1172.92734375
3891,Luzein,Graubünden,1250.834201388889
3408,Uzwil,St. Gallen,1175.0374098557693
5554,Concise,Vaud,1224.375822368421
741,Merzligen,Bern,1228.11640625
2008,Châtillon (FR),Fribourg,1242.3974609375
761,Därstetten,Bern,1160.629195601852
2951,Beggingen,Schaffhausen,1159.635653409091
3695,Sufers,Graubünden,1235.6911368534484
4566,Frauenfeld,Thurgau,1175.9426215277779
2173,Autigny,Fribourg,1292.7821180555557
2914,Büttenhardt,Schaffhausen,1194.09375
5872,Le Chenit,Vaud,1256.4534056886228
3832,Grono,Graubünden,1172.7734375
5131,Tenero-Contra,Ticino,1388.607421875
3219,Untereggen,St. Gallen,1148.28515625
5827,Trey,Vaud,1274.513950892857
5719,Gingins,Vaud,1254.4431046195652
6285,Grächen,Valais,1209.2666015625
2762,Allschwil,Basel-Landschaft,1206.46630859375
706,Saicourt,Bern,1204.62375
5583,Crissier,Vaud,1332.7567274305557
2519,Gerlafingen,Solothurn,1214.456298828125
2303,St. Silvester,Fribourg,1244.6807454427083
371,Biel/Bienne,Bern,1202.9232954545455
311,Schüpfen,Bern,1249.4558823529412
2149,La Roche,Fribourg,1255.9078851744187
6116,Varen,Valais,1465.6321022727273
312,Seedorf (BE),Bern,1252.5234375
5750,Les Clées,Vaud,1209.010653409091
4009,Muhen,Aargau,1174.02294921875
191,Dübendorf,Zürich,1182.425441576087
2086,Massonnens,Fribourg,1296.950474330357
5937,Vugelles-La Mothe,Vaud,1196.5587158203125
5693,Montanaire,Vaud,1312.1574835526317
3619,Ilanz/Glion,Graubünden,1237.2480726872247
1147,Wikon,Luzern,1182.3872395833334
302,Bargen (BE),Bern,1245.1602783203125
216,Dinhard,Zürich,1178.9966634114583
6640,Thônex,Genève,1297.4895833333333
732,Bellmund,Bern,1210.43837890625
715,Rebévelier,Bern,1191.3238118489583
5003,Cadenazzo,Ticino,1185.5753348214287
6704,Châtillon (JU),Jura,1095.982510653409
2479,Rodersdorf,Solothurn,1181.5030381944443
5803,Vulliens,Vaud,1317.822048611111
4002,Biberstein,Aargau,1172.0416259765625
6157,Val-d'Illiez,Valais,1130.6068097014925
4841,Pfyn,Thurgau,1182.5632990056818
2767,Bottmingen,Basel-Landschaft,1195.75537109375
